Unnamed: 0,employee_id,gender,active,age
0,EMP_1107,Male,Yes,24
1,EMP_1739,Male,Yes,44
2,EMP_1140,Female,Yes,40
3,EMP_2018,Male,Yes,34
4,EMP_1527,Male,No,34
5,EMP_1812,Female,Yes,46
6,EMP_1481,Female,Yes,24
7,EMP_1828,Male,No,42
8,EMP_1950,Male,Yes,27
9,EMP_1420,Female,Yes,24
10,EMP_1758,Female,No,37
11,EMP_1966,Female,Yes,50
12,EMP_1519,Female,Yes,43
13,EMP_1070,Male,Yes,44
14,EMP_1377,Female,Yes,42
15,EMP_1192,Female,Yes,44
16,EMP_1299,Male,Yes,36
17,EMP_1643,Female,Yes,25
18,EMP_1333,Female,Yes,46
19,EMP_1381,Male,Yes,35
20,EMP_1768,Male,No,36
21,EMP_1802,Non-binary,No,32
22,EMP_1514,Male,No,27
23,EMP_1413,Female,Yes,48
24,EMP_1319,Male,Yes,44
25,EMP_1332,Male,Yes,40
26,EMP_1044,Male,Yes,33
27,EMP_1109,Non-binary,No,45
28,EMP_1352,Male,Yes,37
29,EMP_1436,Male,Yes,45
30,EMP_1864,Female,No,35
31,EMP_1478,Male,Yes,28
32,EMP_1590,Female,Yes,24
33,EMP_1714,Male,Yes,38
34,EMP_1178,Male,Yes,41
35,EMP_1445,Non-binary,Yes,23
36,EMP_1113,Non-binary,Yes,46
37,EMP_1750,Female,No,46
38,EMP_1086,Male,No,30
39,EMP_1773,Male,Yes,40
40,EMP_1458,Female,Yes,26
41,EMP_2019,Female,Yes,43
42,EMP_1981,Female,No,42
43,EMP_2003,Male,Yes,45
44,EMP_1905,Male,Yes,23
45,EMP_1865,Non-binary,Yes,50
46,EMP_1291,Female,Yes,34
47,EMP_1056,Non-binary,Yes,47
48,EMP_1482,Female,No,41
49,EMP_1743,Male,Yes,44
50,EMP_1813,Female,Yes,44
51,EMP_1793,Male,No,59
52,EMP_1156,Male,Yes,32
53,EMP_1485,Male,No,35
54,EMP_1453,Male,Yes,36
55,EMP_1525,Female,Yes,23
56,EMP_1536,Female,Yes,37
57,EMP_1738,Female,Yes,26
58,EMP_1591,Female,Yes,43
59,EMP_1051,Male,Yes,41
60,EMP_1465,Male,Yes,48
61,EMP_1210,Male,Yes,43
62,EMP_1218,Male,Yes,32
63,EMP_1825,Male,Yes,50
64,EMP_1174,Male,No,33
65,EMP_1777,Female,Yes,31
66,EMP_1634,Female,Yes,48
67,EMP_1088,Male,Yes,32
68,EMP_1636,Male,Yes,24
69,EMP_1542,Female,Yes,35
70,EMP_1128,Male,Yes,45
71,EMP_1701,Male,No,27
72,EMP_1921,Female,No,60
73,EMP_1837,Female,No,25
74,EMP_1626,Male,No,41
75,EMP_2042,Male,Yes,35
76,EMP_1294,Female,Yes,31
77,EMP_1031,Male,Yes,28
78,EMP_1096,Female,No,38
79,EMP_1286,Male,Yes,41
80,EMP_2011,Female,Yes,49
81,EMP_1613,Male,No,34
82,EMP_1243,Female,Yes,26
83,EMP_1988,Female,No,46
84,EMP_2038,Male,Yes,40
85,EMP_1784,Female,No,42
86,EMP_1551,Female,No,43
87,EMP_1158,Female,Yes,31
88,EMP_1845,Male,Yes,44
89,EMP_1428,Male,Yes,46
90,EMP_1247,Non-binary,Yes,34
91,EMP_1405,Female,Yes,53
92,EMP_1327,Female,Yes,46
93,EMP_1328,Female,Yes,33
94,EMP_1101,Male,Yes,48
95,EMP_2046,Non-binary,Yes,30
96,EMP_1010,Male,Yes,28
97,EMP_1361,Male,Yes,41
98,EMP_1298,Female,Yes,40
99,EMP_1741,Male,Yes,43
100,EMP_1761,Male,No,46
101,EMP_1289,Female,Yes,27
102,EMP_1942,Female,Yes,45
103,EMP_1457,Female,No,22
104,EMP_1244,Female,Yes,45
105,EMP_1388,Female,No,44
106,EMP_1716,Female,Yes,44
107,EMP_1479,Male,No,41
108,EMP_1755,Female,Yes,35
109,EMP_1703,Female,No,42
110,EMP_1355,Male,Yes,30
111,EMP_1049,Male,Yes,44
112,EMP_1059,Male,Yes,38
113,EMP_1507,Female,Yes,35
114,EMP_1318,Male,Yes,36
115,EMP_1782,Female,Yes,38
116,EMP_1198,Female,No,39
117,EMP_1543,Male,Yes,26
118,EMP_1423,Male,Yes,29
119,EMP_1649,Male,No,25
120,EMP_1023,Male,Yes,34
121,EMP_1501,Male,Yes,53
122,EMP_1629,Female,Yes,40
123,EMP_1548,Female,Yes,35
124,EMP_1973,Female,Yes,46
125,EMP_1915,Female,No,38
126,EMP_1595,Male,Yes,24
127,EMP_1425,Female,Yes,44
128,EMP_1404,Male,Yes,38
129,EMP_1083,Male,Yes,40
130,EMP_1538,Male,No,51
131,EMP_2008,Female,No,38
132,EMP_1917,Female,No,24
133,EMP_1292,Non-binary,Yes,38
134,EMP_1464,Male,Yes,45
135,EMP_1290,Male,Yes,30
136,EMP_1696,Male,Yes,39
137,EMP_1076,Male,Yes,22
138,EMP_1809,Female,Yes,32
139,EMP_1138,Male,No,34
140,EMP_1435,Female,Yes,50
141,EMP_1588,Male,Yes,28
142,EMP_1994,Male,No,30
143,EMP_1958,Male,Yes,33
144,EMP_1141,Female,No,50
145,EMP_2005,Female,Yes,46
146,EMP_1585,Male,No,34
147,EMP_1139,Female,Yes,28
148,EMP_1209,Female,Yes,45
149,EMP_1954,Female,Yes,23
150,EMP_1220,Female,Yes,46
151,EMP_1497,Female,Yes,51
152,EMP_1371,Male,Yes,48
153,EMP_1411,Female,Yes,30
154,EMP_1953,Female,No,34
155,EMP_1824,Female,Yes,41
156,EMP_2001,Female,Yes,25
157,EMP_1442,Female,Yes,38
158,EMP_1231,Male,No,36
159,EMP_1208,Female,Yes,44
160,EMP_1796,Female,Yes,50
161,EMP_1490,Female,Yes,41
162,EMP_1078,Female,Yes,33
163,EMP_1666,Female,Yes,33
164,EMP_1199,Female,Yes,34
165,EMP_1394,Male,Yes,45
166,EMP_1923,Female,Yes,31
167,EMP_1306,Male,No,26
168,EMP_1730,Male,Yes,31
169,EMP_1039,Female,Yes,22
170,EMP_1030,Female,Yes,53
171,EMP_1844,Male,Yes,24
172,EMP_1136,Male,Yes,42
173,EMP_1054,Female,Yes,42
174,EMP_1842,Female,Yes,42
175,EMP_1334,Female,Yes,35
176,EMP_1582,Female,Yes,42
177,EMP_1342,Male,Yes,26
178,EMP_1724,Female,Yes,48
179,EMP_1003,Female,Yes,36
180,EMP_1363,Male,Yes,49
181,EMP_1523,Female,Yes,26
182,EMP_1713,Female,Yes,36
183,EMP_1765,Male,Yes,42
184,EMP_1808,Female,Yes,36
185,EMP_1277,Female,No,34
186,EMP_1351,Female,Yes,26
187,EMP_1058,Male,Yes,33
188,EMP_1552,Female,Yes,28
189,EMP_1346,Female,Yes,30
190,EMP_1063,Female,Yes,58
191,EMP_1270,Female,Yes,40
192,EMP_1265,Male,Yes,39
193,EMP_2012,Female,No,32
194,EMP_1100,Male,Yes,49
195,EMP_1168,Male,Yes,24
196,EMP_1989,Male,Yes,31
197,EMP_1598,Female,Yes,25
198,EMP_1720,Male,Yes,31
199,EMP_1541,Male,Yes,49
200,EMP_1693,Female,Yes,32
201,EMP_1789,Male,No,48
202,EMP_2006,Male,Yes,49
203,EMP_1630,Female,Yes,42
204,EMP_1962,Male,No,35
205,EMP_1843,Female,Yes,29
206,EMP_1557,Male,Yes,44
207,EMP_1066,Non-binary,Yes,50
208,EMP_1321,Female,Yes,29
209,EMP_1067,Male,Yes,40
210,EMP_1336,Female,Yes,29
211,EMP_1429,Male,No,42
212,EMP_1012,Male,Yes,30
213,EMP_2034,Female,Yes,35
214,EMP_1570,Female,Yes,43
215,EMP_1875,Female,Yes,29
216,EMP_1712,Female,No,50
217,EMP_1554,Female,Yes,24
218,EMP_1688,Female,Yes,34
219,EMP_1780,Female,Yes,48
220,EMP_1184,Female,Yes,25
221,EMP_1504,Male,Yes,35
222,EMP_1969,Male,Yes,42
223,EMP_1568,Male,Yes,27
224,EMP_1650,Female,No,42
225,EMP_1451,Male,Yes,30
226,EMP_1533,Male,Yes,45
227,EMP_2020,Female,No,38
228,EMP_2031,Female,No,37
229,EMP_1996,Male,Yes,27
230,EMP_1817,Female,Yes,35
231,EMP_1754,Male,Yes,46
232,EMP_1668,Non-binary,Yes,36
233,EMP_1275,Female,Yes,43
234,EMP_1273,Female,No,36
235,EMP_1237,Non-binary,No,42
236,EMP_1331,Male,Yes,41
237,EMP_1309,Female,Yes,34
238,EMP_1002,Male,Yes,30
239,EMP_1006,Male,No,53
240,EMP_1708,Male,Yes,46
241,EMP_1890,Male,Yes,38
242,EMP_1260,Female,No,24
243,EMP_1359,Female,Yes,40
244,EMP_1215,Male,Yes,40
245,EMP_1539,Female,No,24
246,EMP_1439,Male,No,43
247,EMP_1631,Male,No,44
248,EMP_1274,Female,Yes,44
249,EMP_1820,Male,Yes,23
250,EMP_1344,Female,Yes,27
251,EMP_1745,Male,Yes,35
252,EMP_1814,Female,Yes,52
253,EMP_1928,Male,Yes,31
254,EMP_1467,Male,Yes,41
255,EMP_1256,Female,Yes,26
256,EMP_1025,Male,Yes,41
257,EMP_1296,Male,Yes,24
258,EMP_1047,Male,Yes,27
259,EMP_1106,Male,Yes,39
260,EMP_1055,Non-binary,Yes,45
261,EMP_1723,Female,Yes,26
262,EMP_1213,Male,Yes,30
263,EMP_1120,Female,Yes,48
264,EMP_1884,Male,No,50
265,EMP_1308,Male,Yes,38
266,EMP_1072,Female,Yes,35
267,EMP_1449,Female,Yes,32
268,EMP_1967,Male,Yes,39
269,EMP_1424,Female,Yes,39
270,EMP_1594,Male,Yes,42
271,EMP_1980,Female,Yes,22
272,EMP_1323,Non-binary,Yes,26
273,EMP_1597,Female,Yes,49
274,EMP_1803,Female,Yes,34
275,EMP_2000,Male,Yes,35
276,EMP_1721,Male,Yes,35
277,EMP_1911,Female,Yes,44
278,EMP_1596,Female,Yes,23
279,EMP_1889,Male,Yes,24
280,EMP_1447,Male,Yes,29
281,EMP_1060,Female,No,36
282,EMP_1486,Male,No,41
283,EMP_1092,Male,Yes,36
284,EMP_1771,Male,Yes,34
285,EMP_1859,Male,No,49
286,EMP_1811,Male,Yes,26
287,EMP_1280,Female,Yes,38
288,EMP_1727,Male,Yes,37
289,EMP_1448,Male,Yes,35
290,EMP_1362,Male,Yes,45
291,EMP_1182,Female,Yes,29
292,EMP_1560,Female,No,49
293,EMP_1978,Male,Yes,31
294,EMP_1110,Female,Yes,37
295,EMP_1427,Non-binary,Yes,55
296,EMP_1618,Female,Yes,58
297,EMP_1549,Male,Yes,34
298,EMP_1726,Male,Yes,30
299,EMP_1367,Female,Yes,22
300,EMP_1261,Female,Yes,32
301,EMP_1409,Male,Yes,45
302,EMP_1566,Male,Yes,22
303,EMP_1583,Female,Yes,47
304,EMP_1906,Male,Yes,37
305,EMP_1137,Male,Yes,26
306,EMP_1616,Female,No,30
307,EMP_1711,Female,Yes,38
308,EMP_1930,Female,Yes,31
309,EMP_1692,Female,Yes,25
310,EMP_2015,Female,Yes,41
311,EMP_1951,Female,Yes,41
312,EMP_1029,Male,Yes,25
313,EMP_1165,Female,Yes,30
314,EMP_1248,Male,Yes,29
315,EMP_1307,Female,Yes,41
316,EMP_1900,Female,Yes,43
317,EMP_1390,Male,Yes,60
318,EMP_1354,Male,Yes,49
319,EMP_1902,Female,Yes,44
320,EMP_1792,Female,No,31
321,EMP_1477,Female,Yes,25
322,EMP_1885,Male,Yes,59
323,EMP_2037,Female,No,48
324,EMP_1670,Female,Yes,50
325,EMP_1065,Female,Yes,28
326,EMP_1398,Male,No,28
327,EMP_1736,Male,No,23
328,EMP_1430,Male,No,26
329,EMP_1254,Male,Yes,38
330,EMP_1830,Female,Yes,37
331,EMP_1312,Female,No,32
332,EMP_1433,Female,Yes,30
333,EMP_1221,Male,Yes,47
334,EMP_1235,Male,Yes,35
335,EMP_1461,Male,Yes,45
336,EMP_1622,Non-binary,Yes,49
337,EMP_1305,Non-binary,Yes,31
338,EMP_1380,Male,Yes,27
339,EMP_1839,Female,No,49
340,EMP_1249,Female,No,36
341,EMP_1661,Female,Yes,30
342,EMP_1753,Male,Yes,40
343,EMP_1071,Female,Yes,36
344,EMP_1094,Male,No,48
345,EMP_1665,Male,Yes,29
346,EMP_1033,Male,Yes,50
347,EMP_1675,Female,Yes,49
348,EMP_1259,Female,Yes,27
349,EMP_1204,Female,Yes,26
350,EMP_1823,Male,No,37
351,EMP_1888,Male,Yes,23
352,EMP_1365,Male,Yes,30
353,EMP_1077,Female,Yes,34
354,EMP_1084,Female,Yes,50
355,EMP_1432,Female,Yes,50
356,EMP_1082,Male,Yes,56
357,EMP_1535,Male,Yes,47
358,EMP_1926,Female,No,24
359,EMP_1936,Male,Yes,43
360,EMP_1652,Female,Yes,46
361,EMP_1350,Male,No,47
362,EMP_1605,Female,Yes,28
363,EMP_1005,Female,Yes,54
364,EMP_1310,Male,Yes,25
365,EMP_1920,Female,Yes,60
366,EMP_1752,Female,Yes,50
367,EMP_1104,Female,Yes,31
368,EMP_1097,Female,No,22
369,EMP_1810,Male,Yes,44
370,EMP_2023,Male,Yes,31
371,EMP_1314,Male,No,41
372,EMP_1530,Female,Yes,33
373,EMP_1526,Male,Yes,32
374,EMP_1062,Female,Yes,47
375,EMP_1281,Female,No,24
376,EMP_2049,Female,Yes,43
377,EMP_1266,Male,Yes,43
378,EMP_1578,Male,No,33
379,EMP_1238,Male,Yes,29
380,EMP_1572,Male,Yes,22
381,EMP_1145,Male,Yes,49
382,EMP_1602,Male,Yes,49
383,EMP_1644,Male,Yes,28
384,EMP_1118,Female,Yes,22
385,EMP_1762,Female,Yes,25
386,EMP_1531,Female,Yes,23
387,EMP_1250,Male,Yes,46
388,EMP_1285,Male,Yes,47
389,EMP_1494,Male,Yes,26
390,EMP_1009,Female,Yes,43
391,EMP_1532,Male,Yes,27
392,EMP_1561,Female,Yes,32
393,EMP_1196,Female,Yes,34
394,EMP_1757,Female,Yes,42
395,EMP_1370,Female,Yes,47
396,EMP_1081,Male,Yes,23
397,EMP_1389,Female,Yes,27
398,EMP_1545,Male,Yes,30
399,EMP_1898,Female,No,30
400,EMP_1985,Female,Yes,50
401,EMP_1718,Male,Yes,44
402,EMP_1599,Female,Yes,31
403,EMP_1239,Non-binary,Yes,50
404,EMP_1908,Male,Yes,36
405,EMP_1211,Male,Yes,36
406,EMP_1493,Female,Yes,34
407,EMP_1892,Female,Yes,26
408,EMP_1144,Male,No,45
409,EMP_1959,Female,No,22
410,EMP_1593,Female,Yes,27
411,EMP_1227,Female,Yes,28
412,EMP_2041,Male,No,30
413,EMP_2028,Male,Yes,25
414,EMP_1984,Male,Yes,43
415,EMP_1177,Male,Yes,56
416,EMP_1617,Female,Yes,50
417,EMP_1135,Male,No,25
418,EMP_1790,Female,Yes,30
419,EMP_1529,Male,Yes,36
420,EMP_1007,Female,Yes,42
421,EMP_1462,Non-binary,Yes,42
422,EMP_1155,Female,Yes,44
423,EMP_2007,Female,No,38
424,EMP_1357,Female,Yes,34
425,EMP_1667,Female,Yes,27
426,EMP_1223,Female,Yes,47
427,EMP_1329,Male,Yes,45
428,EMP_1614,Female,Yes,22
429,EMP_1946,Male,No,42
430,EMP_1913,Female,Yes,24
431,EMP_1963,Male,Yes,40
432,EMP_1788,Female,Yes,45
433,EMP_1706,Male,No,25
434,EMP_1774,Male,Yes,34
435,EMP_2027,Female,Yes,25
436,EMP_1678,Male,Yes,38
437,EMP_1722,Female,Yes,48
438,EMP_1912,Female,No,24
439,EMP_1575,Male,Yes,33
440,EMP_2002,Male,No,32
441,EMP_1440,Female,Yes,30
442,EMP_1728,Female,Yes,25
443,EMP_1880,Male,Yes,36
444,EMP_1163,Male,Yes,36
445,EMP_1228,Non-binary,Yes,41
446,EMP_1522,Male,No,31
447,EMP_1907,Male,Yes,49
448,EMP_1212,Female,Yes,37
449,EMP_1949,Male,No,30
450,EMP_1079,Female,Yes,49
451,EMP_1148,Male,Yes,48
452,EMP_1302,Female,Yes,36
453,EMP_1506,Male,Yes,22
454,EMP_1689,Male,Yes,39
455,EMP_1628,Male,Yes,38
456,EMP_1513,Male,Yes,26
457,EMP_1043,Female,Yes,55
458,EMP_1528,Male,Yes,46
459,EMP_1133,Female,Yes,25
460,EMP_1707,Female,Yes,42
461,EMP_1534,Female,Yes,26
462,EMP_1620,Female,Yes,43
463,EMP_1311,Female,Yes,34
464,EMP_1408,Male,Yes,22
465,EMP_1587,Male,Yes,50
466,EMP_1760,Male,Yes,26
467,EMP_1589,Female,No,39
468,EMP_1934,Female,Yes,27
469,EMP_1000,Female,Yes,49
470,EMP_1422,Male,Yes,43
471,EMP_1360,Male,Yes,45
472,EMP_1382,Female,Yes,53
473,EMP_1316,Male,No,35
474,EMP_2030,Female,Yes,40
475,EMP_1475,Female,Yes,44
476,EMP_1879,Female,No,46
477,EMP_1677,Female,Yes,31
478,EMP_1956,Male,Yes,41
479,EMP_1807,Male,Yes,25
480,EMP_1172,Female,No,30
481,EMP_1450,Male,Yes,46
482,EMP_1125,Male,Yes,43
483,EMP_1558,Male,Yes,45
484,EMP_1090,Male,Yes,35
485,EMP_1181,Female,Yes,28
486,EMP_1621,Male,Yes,31
487,EMP_1866,Female,Yes,37
488,EMP_1251,Non-binary,No,44
489,EMP_1069,Female,Yes,39
490,EMP_1131,Male,Yes,49
491,EMP_1300,Female,Yes,47
492,EMP_1584,Female,Yes,44
493,EMP_1326,Male,Yes,39
494,EMP_1881,Male,Yes,30
495,EMP_1499,Female,Yes,33
496,EMP_1581,Male,Yes,25
497,EMP_1798,Male,Yes,44
498,EMP_1495,Female,Yes,48
499,EMP_1338,Male,Yes,34
500,EMP_1834,Male,Yes,25
501,EMP_1164,Male,Yes,40
502,EMP_1028,Female,Yes,49
503,EMP_1516,Female,Yes,47
504,EMP_1193,Male,Yes,29
505,EMP_1679,Male,No,35
506,EMP_1169,Male,No,37
507,EMP_1700,Non-binary,Yes,29
508,EMP_1173,Male,Yes,29
509,EMP_1518,Male,Yes,28
510,EMP_1799,Male,Yes,50
511,EMP_1986,Male,No,43
512,EMP_1491,Female,Yes,46
513,EMP_1073,Female,No,45
514,EMP_1850,Male,Yes,49
515,EMP_1234,Female,Yes,25
516,EMP_1214,Female,Yes,47
517,EMP_1822,Male,Yes,58
518,EMP_1132,Female,No,35
519,EMP_1673,Female,Yes,39
520,EMP_1816,Male,No,32
521,EMP_1185,Male,Yes,26
522,EMP_1041,Female,Yes,27
523,EMP_1108,Female,Yes,45
524,EMP_1737,Female,Yes,31
525,EMP_1567,Male,Yes,30
526,EMP_1867,Male,No,48
527,EMP_1483,Female,Yes,26
528,EMP_1468,Male,Yes,48
529,EMP_1024,Female,Yes,48
530,EMP_1991,Female,Yes,39
531,EMP_2048,Non-binary,Yes,26
532,EMP_1660,Female,Yes,26
533,EMP_1861,Female,Yes,30
534,EMP_1366,Female,Yes,38
535,EMP_1731,Male,Yes,26
536,EMP_1939,Male,Yes,35
537,EMP_1383,Non-binary,No,25
538,EMP_1454,Female,Yes,37
539,EMP_1264,Female,Yes,22
540,EMP_1746,Male,Yes,42
541,EMP_1849,Female,Yes,34
542,EMP_1444,Male,Yes,27
543,EMP_1395,Male,Yes,27
544,EMP_1176,Female,Yes,46
545,EMP_1018,Male,Yes,23
546,EMP_1615,Female,Yes,34
547,EMP_1877,Female,Yes,39
548,EMP_1061,Male,Yes,36
549,EMP_1272,Male,Yes,41
550,EMP_1278,Male,No,45
551,EMP_1732,Male,Yes,33
552,EMP_1368,Non-binary,No,46
553,EMP_1886,Non-binary,Yes,31
554,EMP_1715,Male,No,50
555,EMP_1674,Female,Yes,36
556,EMP_1547,Male,Yes,43
557,EMP_1862,Non-binary,Yes,47
558,EMP_1783,Female,Yes,44
559,EMP_1456,Female,No,46
560,EMP_1393,Female,Yes,37
561,EMP_1909,Female,Yes,39
562,EMP_1375,Male,No,36
563,EMP_1412,Female,Yes,27
564,EMP_1074,Male,Yes,47
565,EMP_1500,Male,No,28
566,EMP_1717,Male,Yes,28
567,EMP_1114,Female,Yes,29
568,EMP_1417,Female,Yes,40
569,EMP_1601,Male,Yes,38
570,EMP_1604,Male,Yes,35
571,EMP_1089,Male,Yes,34
572,EMP_1498,Male,Yes,30
573,EMP_1759,Female,Yes,23
574,EMP_1903,Male,No,37
575,EMP_1764,Female,No,32
576,EMP_1011,Female,Yes,48
577,EMP_1396,Male,Yes,37
578,EMP_1657,Female,Yes,47
579,EMP_1982,Female,Yes,24
580,EMP_1042,Female,Yes,24
581,EMP_1167,Female,Yes,46
582,EMP_1416,Male,Yes,25
583,EMP_1576,Female,No,23
584,EMP_1938,Male,Yes,33
585,EMP_1704,Male,Yes,48
586,EMP_1426,Female,Yes,41
587,EMP_1544,Female,Yes,24
588,EMP_1851,Male,Yes,46
589,EMP_1767,Male,Yes,46
590,EMP_1257,Male,No,45
591,EMP_1335,Male,No,48
592,EMP_1015,Female,Yes,28
593,EMP_1785,Female,Yes,50
594,EMP_1324,Male,Yes,31
595,EMP_1947,Female,Yes,45
596,EMP_1940,Male,Yes,38
597,EMP_1222,Male,No,44
598,EMP_1179,Male,Yes,40
599,EMP_1099,Female,Yes,40
600,EMP_1521,Female,Yes,39
601,EMP_1022,Female,Yes,44
602,EMP_1356,Female,Yes,43
603,EMP_1832,Male,Yes,25
604,EMP_2045,Female,Yes,45
605,EMP_1611,Female,Yes,37
606,EMP_1873,Female,No,31
607,EMP_1340,Female,No,36
608,EMP_1431,Male,No,50
609,EMP_1682,Female,Yes,46
610,EMP_1217,Non-binary,Yes,46
611,EMP_1203,Female,Yes,58
612,EMP_1787,Male,Yes,44
613,EMP_1093,Female,Yes,33
614,EMP_1695,Female,Yes,41
615,EMP_1068,Male,Yes,40
616,EMP_1869,Non-binary,Yes,29
617,EMP_1284,Male,Yes,29
618,EMP_1993,Female,Yes,23
619,EMP_1434,Female,Yes,26
620,EMP_1694,Male,Yes,34
621,EMP_1153,Female,Yes,35
622,EMP_1075,Male,Yes,26
623,EMP_1910,Male,Yes,34
624,EMP_1580,Male,Yes,39
625,EMP_1446,Male,Yes,28
626,EMP_1188,Male,Yes,31
627,EMP_1271,Female,No,32
628,EMP_1236,Female,Yes,36
629,EMP_1487,Male,No,32
630,EMP_1559,Male,Yes,59
631,EMP_1117,Female,Yes,31
632,EMP_1918,Female,Yes,34
633,EMP_2009,Male,Yes,33
634,EMP_1512,Male,No,27
635,EMP_1633,Male,Yes,41
636,EMP_1914,Female,Yes,28
637,EMP_2024,Female,Yes,31
638,EMP_1740,Male,Yes,44
639,EMP_1126,Female,Yes,49
640,EMP_1116,Male,Yes,41
641,EMP_1473,Male,No,48
642,EMP_1057,Female,No,46
643,EMP_1603,Female,Yes,35
644,EMP_1656,Female,Yes,44
645,EMP_1786,Male,No,31
646,EMP_1801,Male,Yes,35
647,EMP_1105,Female,No,37
648,EMP_1635,Male,Yes,49
649,EMP_1369,Female,Yes,46
650,EMP_1268,Female,Yes,36
651,EMP_1655,Male,No,40
652,EMP_1046,Female,Yes,27
653,EMP_1349,Female,Yes,45
654,EMP_1195,Male,Yes,38
655,EMP_1102,Female,Yes,37
656,EMP_1004,Male,Yes,44
657,EMP_1983,Female,Yes,40
658,EMP_1858,Female,Yes,24
659,EMP_1916,Female,No,30
660,EMP_1263,Female,No,27
661,EMP_1932,Female,Yes,43
662,EMP_1443,Female,Yes,49
663,EMP_1841,Male,No,27
664,EMP_1922,Female,Yes,39
665,EMP_1944,Female,Yes,42
666,EMP_1304,Female,Yes,36
667,EMP_1341,Female,Yes,46
668,EMP_1895,Female,Yes,48
669,EMP_1313,Male,Yes,25
670,EMP_1149,Female,Yes,49
671,EMP_1124,Male,Yes,39
672,EMP_1972,Male,No,40
673,EMP_2014,Female,No,24
674,EMP_1697,Female,Yes,40
675,EMP_1664,Female,Yes,43
676,EMP_1050,Male,Yes,38
677,EMP_1353,Female,Yes,24
678,EMP_1142,Male,Yes,37
679,EMP_1470,Male,Yes,49
680,EMP_1653,Male,Yes,42
681,EMP_1399,Male,Yes,37
682,EMP_1781,Non-binary,No,49
683,EMP_1320,Female,No,49
684,EMP_1019,Female,Yes,26
685,EMP_1684,Female,Yes,45
686,EMP_1999,Male,Yes,33
687,EMP_1976,Male,Yes,39
688,EMP_1998,Male,Yes,34
689,EMP_1407,Female,Yes,44
690,EMP_1537,Non-binary,No,50
691,EMP_1990,Male,Yes,45
692,EMP_1038,Male,Yes,49
693,EMP_1175,Non-binary,Yes,49
694,EMP_1245,Female,Yes,24
695,EMP_2022,Female,Yes,29
696,EMP_1833,Male,Yes,42
697,EMP_1935,Female,Yes,39
698,EMP_1489,Female,No,23
699,EMP_1154,Female,Yes,24
700,EMP_1638,Female,Yes,37
701,EMP_1662,Male,Yes,39
702,EMP_1287,Male,Yes,26
703,EMP_1625,Female,Yes,35
704,EMP_1685,Female,Yes,25
705,EMP_1756,Female,Yes,38
706,EMP_1569,Male,Yes,22
707,EMP_1924,Male,Yes,38
708,EMP_1734,Male,Yes,35
709,EMP_1017,Female,No,35
710,EMP_1127,Female,Yes,39
711,EMP_1322,Female,Yes,37
712,EMP_1255,Male,Yes,36
713,EMP_1876,Female,Yes,44
714,EMP_1190,Male,Yes,48
715,EMP_1115,Male,Yes,45
716,EMP_1772,Female,Yes,37
717,EMP_1606,Female,No,45
718,EMP_1180,Female,Yes,28
719,EMP_1301,Female,No,39
720,EMP_1941,Female,No,26
721,EMP_1887,Male,Yes,49
722,EMP_1901,Female,Yes,46
723,EMP_1852,Female,Yes,25
724,EMP_1964,Male,Yes,60
725,EMP_1827,Male,Yes,25
726,EMP_1517,Female,Yes,42
727,EMP_1372,Male,Yes,24
728,EMP_1045,Male,Yes,36
729,EMP_1476,Male,Yes,41
730,EMP_1157,Male,Yes,48
731,EMP_1925,Female,No,34
732,EMP_1171,Male,Yes,48
733,EMP_1016,Female,Yes,52
734,EMP_1511,Male,Yes,28
735,EMP_1048,Male,Yes,45
736,EMP_1191,Female,No,43
737,EMP_1546,Female,Yes,31
738,EMP_1515,Male,Yes,30
739,EMP_1847,Male,Yes,48
740,EMP_1853,Female,Yes,45
741,EMP_1480,Male,Yes,44
742,EMP_1283,Male,Yes,40
743,EMP_1893,Male,Yes,29
744,EMP_1846,Female,Yes,45
745,EMP_1225,Female,Yes,32
746,EMP_1026,Male,Yes,37
747,EMP_1968,Female,Yes,31
748,EMP_1437,Male,Yes,31
749,EMP_1364,Female,No,26
750,EMP_1229,Male,Yes,49
751,EMP_1037,Female,Yes,26
752,EMP_1669,Female,Yes,24
753,EMP_1749,Male,Yes,49
754,EMP_1374,Male,Yes,38
755,EMP_1469,Male,Yes,34
756,EMP_1687,Non-binary,Yes,43
757,EMP_1032,Non-binary,Yes,33
758,EMP_1874,Male,Yes,25
759,EMP_1904,Female,No,43
760,EMP_1194,Male,Yes,27
761,EMP_2040,Male,No,38
762,EMP_2047,Female,Yes,38
763,EMP_1503,Female,Yes,49
764,EMP_1800,Male,Yes,32
765,EMP_1579,Male,Yes,44
766,EMP_1160,Male,Yes,37
767,EMP_1680,Non-binary,Yes,35
768,EMP_1162,Male,No,56
769,EMP_1821,Female,Yes,32
770,EMP_1705,Female,Yes,40
771,EMP_1872,Female,Yes,50
772,EMP_1152,Female,Yes,22
773,EMP_1848,Male,Yes,42
774,EMP_1868,Male,No,46
775,EMP_1937,Female,Yes,49
776,EMP_1111,Female,No,34
777,EMP_1226,Male,No,25
778,EMP_1855,Female,Yes,29
779,EMP_1103,Male,Yes,46
780,EMP_1421,Female,Yes,47
781,EMP_1419,Male,Yes,40
782,EMP_1931,Female,No,25
783,EMP_1586,Male,Yes,25
784,EMP_1965,Female,No,35
785,EMP_1672,Male,Yes,39
786,EMP_1119,Female,Yes,22
787,EMP_1053,Female,Yes,41
788,EMP_1151,Male,Yes,56
789,EMP_1403,Female,Yes,56
790,EMP_1207,Female,Yes,24
791,EMP_1658,Female,Yes,35
792,EMP_2033,Female,No,42
793,EMP_1945,Female,Yes,49
794,EMP_1008,Male,Yes,34
795,EMP_1997,Female,No,30
796,EMP_1036,Male,Yes,50
797,EMP_1452,Non-binary,No,35
798,EMP_1651,Female,No,47
799,EMP_1253,Male,Yes,34
800,EMP_1303,Male,Yes,22
801,EMP_1927,Male,Yes,30
802,EMP_1571,Female,No,36
803,EMP_1623,Female,Yes,50
804,EMP_1882,Female,Yes,43
805,EMP_1894,Male,Yes,44
806,EMP_1262,Non-binary,Yes,37
807,EMP_1610,Male,Yes,25
808,EMP_1297,Female,No,33
809,EMP_1414,Male,Yes,50
810,EMP_1150,Female,Yes,23
811,EMP_1974,Male,Yes,47
812,EMP_1778,Female,Yes,41
813,EMP_1640,Male,No,42
814,EMP_1550,Male,Yes,44
815,EMP_1977,Female,Yes,46
816,EMP_1488,Female,Yes,23
817,EMP_1819,Male,Yes,25
818,EMP_1710,Female,Yes,41
819,EMP_2013,Male,Yes,50
820,EMP_1147,Male,Yes,22
821,EMP_1146,Male,Yes,41
822,EMP_1896,Female,Yes,25
823,EMP_1345,Female,Yes,40
824,EMP_1919,Female,Yes,40
825,EMP_1659,Non-binary,Yes,24
826,EMP_1770,Female,Yes,41
827,EMP_1348,Female,Yes,48
828,EMP_1463,Female,Yes,47
829,EMP_1325,Non-binary,Yes,22
830,EMP_1186,Female,Yes,29
831,EMP_1123,Male,Yes,28
832,EMP_2039,Male,Yes,35
833,EMP_1608,Male,No,26
834,EMP_1143,Non-binary,Yes,46
835,EMP_1751,Male,Yes,44
836,EMP_1197,Male,Yes,45
837,EMP_1609,Female,Yes,27
838,EMP_1883,Male,Yes,22
839,EMP_1836,Male,Yes,48
840,EMP_1279,Male,Yes,30
841,EMP_1293,Male,Yes,41
842,EMP_2026,Non-binary,Yes,48
843,EMP_1400,Male,Yes,23
844,EMP_1122,Male,No,22
845,EMP_1183,Female,No,22
846,EMP_1202,Female,Yes,26
847,EMP_1438,Female,Yes,23
848,EMP_1835,Female,Yes,50
849,EMP_1246,Female,Yes,39
850,EMP_1415,Female,Yes,50
851,EMP_1961,Male,Yes,45
852,EMP_1948,Female,No,49
853,EMP_1987,Male,Yes,28
854,EMP_1052,Male,Yes,30
855,EMP_1129,Female,Yes,46
856,EMP_1637,Female,Yes,29
857,EMP_1402,Female,No,23
858,EMP_1970,Non-binary,Yes,41
859,EMP_1735,Female,No,45
860,EMP_1854,Male,Yes,50
861,EMP_1219,Male,Yes,48
862,EMP_1641,Non-binary,Yes,25
863,EMP_1001,Female,No,44
864,EMP_1933,Female,Yes,46
865,EMP_1080,Female,Yes,42
866,EMP_1624,Female,Yes,45
867,EMP_2029,Female,No,46
868,EMP_1943,Male,Yes,34
869,EMP_1386,Male,Yes,23
870,EMP_1806,Male,Yes,35
871,EMP_1509,Male,Yes,27
872,EMP_1267,Female,Yes,25
873,EMP_2010,Male,Yes,25
874,EMP_1441,Male,Yes,42
875,EMP_1496,Male,No,36
876,EMP_1829,Male,Yes,37
877,EMP_1112,Female,Yes,43
878,EMP_1691,Female,Yes,37
879,EMP_1232,Female,No,40
880,EMP_1471,Female,No,54
881,EMP_1607,Male,Yes,46
882,EMP_1671,Female,Yes,35
883,EMP_1373,Male,Yes,53
884,EMP_1826,Male,Yes,49
885,EMP_1663,Female,Yes,31
886,EMP_2032,Female,Yes,52
887,EMP_1233,Male,Yes,27
888,EMP_1818,Male,No,22
889,EMP_1971,Female,Yes,29
890,EMP_1676,Female,Yes,24
891,EMP_1317,Male,Yes,42
892,EMP_1648,Female,Yes,37
893,EMP_1410,Male,Yes,50
894,EMP_1709,Female,Yes,43
895,EMP_1358,Female,Yes,39
896,EMP_1258,Male,Yes,36
897,EMP_1744,Male,No,23
898,EMP_1627,Male,Yes,24
899,EMP_1632,Female,No,39
900,EMP_1979,Non-binary,No,22
901,EMP_1282,Male,Yes,23
902,EMP_1376,Female,Yes,28
903,EMP_1384,Female,Yes,47
904,EMP_1224,Female,Yes,35
905,EMP_2004,Male,Yes,42
906,EMP_1472,Female,Yes,33
907,EMP_1347,Male,No,27
908,EMP_1505,Female,Yes,41
909,EMP_1639,Non-binary,No,24
910,EMP_1797,Female,Yes,44
911,EMP_1339,Male,Yes,27
912,EMP_1555,Female,Yes,32
913,EMP_1619,Female,Yes,50
914,EMP_1027,Male,Yes,39
915,EMP_1992,Male,Yes,35
916,EMP_1645,Male,Yes,37
917,EMP_1952,Female,Yes,53
918,EMP_1573,Male,Yes,29
919,EMP_1556,Male,No,40
920,EMP_1681,Male,Yes,47
921,EMP_1577,Female,Yes,38
922,EMP_1795,Male,Yes,34
923,EMP_1085,Male,Yes,26
924,EMP_1242,Non-binary,Yes,29
925,EMP_1698,Female,Yes,46
926,EMP_1838,Female,No,37
927,EMP_1159,Male,Yes,30
928,EMP_1524,Male,Yes,34
929,EMP_1035,Male,Yes,38
930,EMP_1540,Female,Yes,37
931,EMP_1170,Female,Yes,42
932,EMP_1654,Male,Yes,57
933,EMP_1748,Female,Yes,40
934,EMP_2043,Female,Yes,34
935,EMP_2035,Male,Yes,40
936,EMP_1484,Male,Yes,26
937,EMP_1733,Male,Yes,26
938,EMP_1899,Female,Yes,35
939,EMP_1095,Female,Yes,36
940,EMP_1563,Male,Yes,42
941,EMP_1240,Female,Yes,33
942,EMP_1742,Female,No,48
943,EMP_1863,Female,Yes,35
944,EMP_1574,Male,Yes,25
945,EMP_1690,Male,Yes,25
946,EMP_1460,Male,No,50
947,EMP_1891,Male,Yes,25
948,EMP_1553,Female,Yes,49
949,EMP_1857,Female,Yes,30
950,EMP_1206,Female,No,24
951,EMP_1392,Female,Yes,30
952,EMP_1794,Female,No,58
953,EMP_1870,Female,Yes,34
954,EMP_1397,Female,Yes,56
955,EMP_1766,Male,Yes,39
956,EMP_2036,Male,Yes,33
957,EMP_1642,Female,Yes,40
958,EMP_1612,Male,Yes,50
959,EMP_1960,Male,Yes,33
960,EMP_1725,Male,Yes,26
961,EMP_1683,Male,Yes,33
962,EMP_1098,Female,Yes,46
963,EMP_1804,Male,No,28
964,EMP_1406,Female,No,49
965,EMP_1502,Female,Yes,39
966,EMP_1929,Female,Yes,39
967,EMP_1779,Female,Yes,31
968,EMP_1200,Female,No,48
969,EMP_1134,Female,Yes,23
970,EMP_1040,Male,Yes,30
971,EMP_2017,Female,No,34
972,EMP_1230,Female,No,35
973,EMP_1378,Female,Yes,35
974,EMP_1288,Female,Yes,26
975,EMP_1418,Female,Yes,28
976,EMP_1391,Female,No,24
977,EMP_1592,Female,Yes,38
978,EMP_1647,Male,Yes,32
979,EMP_1520,Male,Yes,38
980,EMP_1064,Male,Yes,39
981,EMP_1014,Male,Yes,40
982,EMP_1492,Male,Yes,37
983,EMP_1379,Non-binary,No,40
984,EMP_1187,Male,Yes,39
985,EMP_1763,Male,Yes,44
986,EMP_1216,Male,Yes,39
987,EMP_1791,Male,Yes,46
988,EMP_1878,Female,Yes,29
989,EMP_1337,Female,Yes,44
990,EMP_1719,Female,No,31
991,EMP_1295,Female,Yes,37
992,EMP_2016,Male,No,27
993,EMP_1455,Female,No,34
994,EMP_1815,Male,No,37
995,EMP_1269,Male,Yes,40
996,EMP_1995,Male,No,37
997,EMP_1201,Female,Yes,32
998,EMP_1161,Female,Yes,49
999,EMP_1729,Male,Yes,36
1000,EMP_1401,Male,Yes,53
1001,EMP_1702,Non-binary,Yes,43
1002,EMP_1565,Male,Yes,38
1003,EMP_2021,Male,Yes,47
1004,EMP_2025,Female,Yes,25
1005,EMP_1205,Female,No,51
1006,EMP_1034,Female,Yes,46
1007,EMP_1775,Male,Yes,36
1008,EMP_1508,Male,Yes,43
1009,EMP_1091,Female,Yes,37
1010,EMP_1897,Male,Yes,29
1011,EMP_1564,Female,Yes,45
1012,EMP_1776,Female,Yes,29
1013,EMP_1241,Female,Yes,31
1014,EMP_1013,Female,Yes,37
1015,EMP_1315,Male,Yes,46
1016,EMP_1600,Female,No,33
1017,EMP_1387,Male,Yes,36
1018,EMP_1166,Male,Yes,23
1019,EMP_1840,Female,Yes,25
1020,EMP_1020,Female,Yes,23
1021,EMP_1646,Male,Yes,24
1022,EMP_1831,Female,Yes,47
1023,EMP_1562,Male,No,46
1024,EMP_1686,Female,Yes,45
1025,EMP_1957,Male,No,23
1026,EMP_1189,Male,Yes,24
1027,EMP_1975,Female,Yes,56
1028,EMP_1699,Female,No,38
1029,EMP_1510,Non-binary,Yes,31
1030,EMP_1474,Female,Yes,36
1031,EMP_1856,Female,Yes,27
1032,EMP_1747,Female,Yes,43
1033,EMP_1252,Female,No,31
1034,EMP_1021,Male,Yes,41
1035,EMP_1459,Male,Yes,45
1036,EMP_1276,Female,Yes,48
1037,EMP_1955,Male,Yes,22
1038,EMP_1385,Female,Yes,34
1039,EMP_1805,Female,No,45
1040,EMP_1343,Male,Yes,42
1041,EMP_1769,Non-binary,Yes,46
1042,EMP_1130,Female,Yes,34
1043,EMP_1871,Female,Yes,32
1044,EMP_1087,Male,Yes,42
1045,EMP_1330,Male,Yes,26
1046,EMP_1466,Female,Yes,28
1047,EMP_1121,Female,Yes,39
1048,EMP_2044,Male,Yes,43
1049,EMP_1860,Female,Yes,25
