employee_id,full_name,department,job_title,hire_date,salary,performance_score
EMP_1107,Employee_1107,Human Resources,Recruiter,2021-12-13,,Meets
EMP_1739,Employee_1739,Finance,Financial Analyst,2019-04-05,119127.0,Exceeds
EMP_1140,Employee_1140,Finance,Financial Analyst,2022-07-15,114827.0,Needs Improvement
EMP_2018,Employee_2018,Sales,Account Executive,2024-08-31,56382.0,Meets
EMP_1527,Employee_1527,Engineering,Software Engineer,2020-06-29,139659.0,Meets
EMP_1812,Employee_1812,Finance,Accountant,2018-11-24,91988.0,Meets
EMP_1481,Employee_1481,Sales,Account Executive,Active Employee,100534.0,Meets
EMP_1828,Employee_1828,Finance,Financial Analyst,2022-03-31,,Meets
EMP_1950,Employee_1950,Finance,Accountant,2022-09-20,91810.0,Meets
EMP_1420,Employee_1420,Marketing,SEO Specialist,2025-08-09,95639.0,Needs Improvement
EMP_1758,Employee_1758,Marketing,Growth Marketer,2021-02-13,155594.0,Exceeds
EMP_1966,Employee_1966,Finance,Financial Analyst,08/31/2020,63398.0,Needs Improvement
EMP_1519,Employee_1519,Human Resources,Recruiter,2023-07-18,145055.0,Needs Improvement
EMP_1070,Employee_1070,Marketing,Growth Marketer,2025-03-25,,Meets
EMP_1377,Employee_1377,Engineering,Software Engineer,2025-09-04,75932.0,Meets
EMP_1192,Employee_1192,Finance,Accountant,2019-06-13,,Needs Improvement
EMP_1299,Employee_1299,Human Resources,HR Generalist,2026-02-30,120465.0,Needs Improvement
EMP_1643,Employee_1643,Engineering,Software Engineer,2022-02-18,56708.0,Exceeds
EMP_1333,Employee_1333,Marketing,Growth Marketer,2019-09-25,94377.0,Meets
EMP_1381,Employee_1381,Marketing,SEO Specialist,2023-08-19,59869.0,Exceeds
EMP_1768,Employee_1768,Human Resources,HR Generalist,2020-10-19,119870.0,Meets
EMP_1802,Employee_1802,Human Resources,Recruiter,2023-12-26,106171.0,Meets
EMP_1514,Employee_1514,Human Resources,HR Generalist,2021-03-01,144828.0,Meets
EMP_1413,Employee_1413,Sales,Account Executive,2020-11-04,112466.0,Needs Improvement
EMP_1319,Employee_1319,Marketing,Growth Marketer,2020-10-09,129689.0,Meets
EMP_1332,Employee_1332,Marketing,Growth Marketer,2020-09-26,146040.0,Exceeds
EMP_1044,Employee_1044,Engineering,Data Scientist,2021-08-06,91438.0,Needs Improvement
EMP_1109,Employee_1109,Finance,Accountant,2025-11-13,118060.0,Meets
EMP_1352,Employee_1352,Engineering,Software Engineer,2021-09-21,,Needs Improvement
EMP_1436,Employee_1436,Sales,Sales Manager,2018-09-08,71724.0,Needs Improvement
EMP_1864,Employee_1864,Marketing,Growth Marketer,2018-10-03,154908.0,Meets
EMP_1478,Employee_1478,Human Resources,HR Generalist,2020-09-03,99450.0,Needs Improvement
EMP_1590,Employee_1590,Finance,Accountant,2021-04-01,75389.0,Needs Improvement
EMP_1714,Employee_1714,Marketing,SEO Specialist,2021-10-23,,Needs Improvement
EMP_1178,Employee_1178,Sales,Sales Manager,10/04/2019,143167.0,Meets
EMP_1445,Employee_1445,Human Resources,Recruiter,2024-10-15,83070.0,Exceeds
EMP_1113,Employee_1113,Human Resources,Recruiter,2023-08-29,155082.0,Meets
EMP_1750,Employee_1750,Sales,Account Executive,2020-04-18,57203.0,Meets
EMP_1086,Employee_1086,Sales,Account Executive,2019-01-11,,Needs Improvement
EMP_1773,Employee_1773,Finance,Accountant,2023-05-02,113116.0,Needs Improvement
EMP_1458,Employee_1458,Marketing,SEO Specialist,2021-05-02,,Needs Improvement
EMP_2019,Employee_2019,Human Resources,Recruiter,2018-12-03,96792.0,Needs Improvement
EMP_1981,Employee_1981,Human Resources,HR Generalist,2019-10-22,66134.0,Needs Improvement
EMP_2003,Employee_2003,Sales,Sales Manager,2019-02-15,,Meets
EMP_1905,Employee_1905,Marketing,SEO Specialist,2025-04-13,125754.0,Meets
EMP_1865,Employee_1865,Human Resources,Recruiter,2025-03-01,98907.0,Needs Improvement
EMP_1291,Employee_1291,Finance,Financial Analyst,2022-07-24,101349.0,Exceeds
EMP_1056,Employee_1056,Finance,Financial Analyst,2022-11-30,52492.0,Exceeds
EMP_1482,Employee_1482,Engineering,Data Scientist,2025-10-03,54046.0,Needs Improvement
EMP_1743,Employee_1743,Sales,Account Executive,2022-07-02,,Exceeds
EMP_1813,Employee_1813,Sales,Account Executive,2023-02-19,57793.0,Needs Improvement
EMP_1793,Employee_1793,Sales,Sales Manager,2020-12-12,122862.0,Needs Improvement
EMP_1156,Employee_1156,Marketing,SEO Specialist,2023-08-12,75217.0,Exceeds
EMP_1485,Employee_1485,Human Resources,HR Generalist,2018-10-10,,Meets
EMP_1453,Employee_1453,Human Resources,HR Generalist,2023-03-18,87096.0,Meets
EMP_1525,Employee_1525,Finance,Accountant,2022-03-31,52923.0,Needs Improvement
EMP_1536,Employee_1536,Engineering,QA Engineer,2021-07-25,129529.0,Meets
EMP_1738,Employee_1738,Finance,Financial Analyst,2024-05-22,123956.0,Meets
EMP_1591,Employee_1591,Sales,Account Executive,2019-04-01,131154.0,Needs Improvement
EMP_1051,Employee_1051,Engineering,Software Engineer,07/25/2024,98269.0,Needs Improvement
EMP_1465,Employee_1465,Engineering,QA Engineer,2022-02-16,75870.0,Needs Improvement
EMP_1210,Employee_1210,Human Resources,HR Generalist,2025-08-04,106537.0,Meets
EMP_1218,Employee_1218,Sales,Sales Manager,2020-01-31,134364.0,Meets
EMP_1825,Employee_1825,Sales,Account Executive,12/09/2020,147919.0,Exceeds
EMP_1174,Employee_1174,Marketing,Growth Marketer,Active Employee,82762.0,Meets
EMP_1777,Employee_1777,Finance,Accountant,2021-10-27,79620.0,Needs Improvement
EMP_1634,Employee_1634,Engineering,Software Engineer,2024-08-28,102840.0,Needs Improvement
EMP_1088,Employee_1088,Marketing,SEO Specialist,2018-10-23,155580.0,Meets
EMP_1636,Employee_1636,Marketing,Growth Marketer,2023-05-11,57234.0,Meets
EMP_1542,Employee_1542,Finance,Accountant,2018-11-02,115852.0,Meets
EMP_1128,Employee_1128,Human Resources,Recruiter,2024-01-22,104598.0,Meets
EMP_1701,Employee_1701,Sales,Account Executive,08/25/2023,91627.0,Needs Improvement
EMP_1921,Employee_1921,Sales,Sales Manager,2020-02-19,152962.0,Exceeds
EMP_1837,Employee_1837,Engineering,QA Engineer,2019-02-19,148825.0,Exceeds
EMP_1626,Employee_1626,Human Resources,Recruiter,2021-05-12,54898.0,Exceeds
EMP_2042,Employee_2042,Sales,Account Executive,2025-10-28,113909.0,Needs Improvement
EMP_1294,Employee_1294,Engineering,Software Engineer,2023-01-19,72686.0,Meets
EMP_1031,Employee_1031,Finance,Accountant,2026-02-30,,Exceeds
EMP_1096,Employee_1096,Marketing,SEO Specialist,2018-12-14,98528.0,Meets
EMP_1286,Employee_1286,Human Resources,Recruiter,2022-08-10,65631.0,Meets
EMP_2011,Employee_2011,Engineering,Software Engineer,2021-02-21,123675.0,Needs Improvement
EMP_1613,Employee_1613,Finance,Financial Analyst,2023-06-05,146595.0,Meets
EMP_1243,Employee_1243,Human Resources,Recruiter,2019-02-24,98516.0,Exceeds
EMP_1988,Employee_1988,Finance,Financial Analyst,2019-11-24,152538.0,Meets
EMP_2038,Employee_2038,Engineering,Software Engineer,2018-11-07,131956.0,Needs Improvement
EMP_1784,Employee_1784,Human Resources,Recruiter,2023-05-30,140525.0,Needs Improvement
EMP_1551,Employee_1551,Sales,Sales Manager,2022-11-17,,Exceeds
EMP_1158,Employee_1158,Sales,Account Executive,2020-12-31,,Meets
EMP_1845,Employee_1845,Finance,Financial Analyst,2023-04-06,59943.0,Exceeds
EMP_1428,Employee_1428,Finance,Accountant,2020-09-28,,Needs Improvement
EMP_1247,Employee_1247,Finance,Financial Analyst,2021-10-11,130841.0,Exceeds
EMP_1405,Employee_1405,Sales,Sales Manager,2023-02-04,104446.0,Exceeds
EMP_1327,Employee_1327,Sales,Account Executive,12/16/2022,118259.0,Needs Improvement
EMP_1328,Employee_1328,Marketing,Growth Marketer,2018-12-01,137121.0,Exceeds
EMP_1101,Employee_1101,Human Resources,Recruiter,2021-06-21,,Meets
EMP_2046,Employee_2046,Human Resources,HR Generalist,2022-10-13,92395.0,Meets
EMP_1010,Employee_1010,Human Resources,HR Generalist,2020-03-28,83427.0,Meets
EMP_1361,Employee_1361,Marketing,SEO Specialist,2019-03-23,67949.0,Needs Improvement
EMP_1298,Employee_1298,Engineering,QA Engineer,12/15/2025,102176.0,Exceeds
EMP_1741,Employee_1741,Sales,Sales Manager,2022-11-06,67005.0,Exceeds
EMP_1761,Employee_1761,Marketing,SEO Specialist,2022-04-15,69455.0,Needs Improvement
EMP_1289,Employee_1289,Engineering,QA Engineer,2021-06-18,131761.0,Needs Improvement
EMP_1942,Employee_1942,Marketing,Growth Marketer,2020-03-22,159657.0,Meets
EMP_1457,Employee_1457,Engineering,Software Engineer,2023-01-31,119443.0,Exceeds
EMP_1244,Employee_1244,Sales,Account Executive,2026-01-05,,Needs Improvement
EMP_1388,Employee_1388,Marketing,Growth Marketer,2018-07-30,,Meets
EMP_1716,Employee_1716,Human Resources,HR Generalist,2019-03-23,149490.0,Meets
EMP_1479,Employee_1479,Finance,Financial Analyst,2020-03-01,105604.0,Meets
EMP_1755,Employee_1755,Human Resources,Recruiter,09/15/2024,52144.0,Meets
EMP_1703,Employee_1703,Sales,Account Executive,2021-11-23,157014.0,Needs Improvement
EMP_1355,Employee_1355,Engineering,Data Scientist,2022-06-22,76531.0,Needs Improvement
EMP_1049,Employee_1049,Sales,Account Executive,2021-06-17,,Exceeds
EMP_1059,Employee_1059,Engineering,Data Scientist,2025-09-01,,Meets
EMP_1507,Employee_1507,Engineering,QA Engineer,2022-03-15,133299.0,Exceeds
EMP_1318,Employee_1318,Finance,Financial Analyst,2025-09-26,104050.0,Exceeds
EMP_1782,Employee_1782,Engineering,QA Engineer,2023-01-12,85756.0,Meets
EMP_1198,Employee_1198,Sales,Sales Manager,2023-02-27,,Meets
EMP_1543,Employee_1543,Human Resources,HR Generalist,2018-09-13,139917.0,Exceeds
EMP_1423,Employee_1423,Finance,Accountant,2024-10-24,,Needs Improvement
EMP_1649,Employee_1649,Sales,Account Executive,2019-10-27,140683.0,Needs Improvement
EMP_1023,Employee_1023,Engineering,Software Engineer,2025-03-14,65033.0,Meets
EMP_1501,Employee_1501,Sales,Sales Manager,2022-03-18,69101.0,Needs Improvement
EMP_1629,Employee_1629,Engineering,Data Scientist,2021-04-16,128209.0,Meets
EMP_1548,Employee_1548,Human Resources,HR Generalist,2018-10-22,121791.0,Needs Improvement
EMP_1973,Employee_1973,Marketing,Growth Marketer,2022-03-17,130678.0,Needs Improvement
EMP_1915,Employee_1915,Engineering,Software Engineer,10/24/2022,123234.0,Exceeds
EMP_1595,Employee_1595,Finance,Financial Analyst,05/29/2020,69505.0,Meets
EMP_1425,Employee_1425,Marketing,SEO Specialist,2020-08-09,,Meets
EMP_1404,Employee_1404,Human Resources,Recruiter,2026-02-30,84596.0,Needs Improvement
EMP_1083,Employee_1083,Human Resources,HR Generalist,2023-06-10,65866.0,Exceeds
EMP_1538,Employee_1538,Sales,Sales Manager,2023-05-23,51102.0,Exceeds
EMP_2008,Employee_2008,Sales,Account Executive,2023-11-08,103536.0,Meets
EMP_1917,Employee_1917,Engineering,Data Scientist,11/13/2022,113864.0,Meets
EMP_1292,Employee_1292,Marketing,SEO Specialist,2020-07-09,132442.0,Meets
EMP_1464,Employee_1464,Sales,Account Executive,2021-01-28,87415.0,Meets
EMP_1290,Employee_1290,Human Resources,Recruiter,2021-10-14,,Meets
EMP_1696,Employee_1696,Sales,Account Executive,2024-08-02,103925.0,Needs Improvement
EMP_1076,Employee_1076,Finance,Financial Analyst,2025-03-05,,Meets
EMP_1809,Employee_1809,Sales,Account Executive,2019-01-30,110191.0,Meets
EMP_1138,Employee_1138,Engineering,Data Scientist,2018-09-08,153864.0,Meets
EMP_1435,Employee_1435,Sales,Account Executive,2021-06-26,86116.0,Needs Improvement
EMP_1588,Employee_1588,Engineering,Data Scientist,2024-08-02,142057.0,Meets
EMP_1994,Employee_1994,Finance,Financial Analyst,2018-10-27,130096.0,Needs Improvement
EMP_1958,Employee_1958,Human Resources,HR Generalist,2024-06-17,129613.0,Exceeds
EMP_1141,Employee_1141,Marketing,Growth Marketer,2020-10-03,,Meets
EMP_2005,Employee_2005,Human Resources,HR Generalist,2021-10-18,117365.0,Needs Improvement
EMP_1585,Employee_1585,Sales,Sales Manager,2022-07-11,107411.0,Exceeds
EMP_1139,Employee_1139,Engineering,Data Scientist,2023-01-18,156449.0,Exceeds
EMP_1209,Employee_1209,Engineering,Data Scientist,2021-04-22,47011.0,Meets
EMP_1954,Employee_1954,Finance,Accountant,11/19/2022,101139.0,Meets
EMP_1220,Employee_1220,Finance,Financial Analyst,2020-11-06,121435.0,Meets
EMP_1497,Employee_1497,Sales,Sales Manager,2024-10-28,,Meets
EMP_1371,Employee_1371,Finance,Accountant,2022-10-30,58447.0,Exceeds
EMP_1411,Employee_1411,Engineering,Software Engineer,2023-03-06,95351.0,Needs Improvement
EMP_1953,Employee_1953,Finance,Accountant,2018-08-27,121568.0,Meets
EMP_1824,Employee_1824,Engineering,Software Engineer,2021-05-12,80851.0,Meets
EMP_2001,Employee_2001,Finance,Financial Analyst,2020-08-08,45942.0,Needs Improvement
EMP_1442,Employee_1442,Finance,Accountant,2023-11-28,,Meets
EMP_1231,Employee_1231,Engineering,Data Scientist,2019-03-08,50167.0,Meets
EMP_1208,Employee_1208,Finance,Accountant,2025-04-21,159581.0,Needs Improvement
EMP_1796,Employee_1796,Marketing,Growth Marketer,2022-02-04,51507.0,Meets
EMP_1490,Employee_1490,Marketing,Growth Marketer,2023-05-04,69704.0,Exceeds
EMP_1078,Employee_1078,Human Resources,HR Generalist,2025-12-17,85404.0,Meets
EMP_1666,Employee_1666,Marketing,Growth Marketer,2025-02-02,46660.0,Meets
EMP_1199,Employee_1199,Human Resources,Recruiter,2021-02-18,,Needs Improvement
EMP_1394,Employee_1394,Human Resources,Recruiter,2018-10-21,112811.0,Meets
EMP_1923,Employee_1923,Finance,Financial Analyst,2025-12-25,134463.0,Meets
EMP_1306,Employee_1306,Engineering,Data Scientist,2019-05-01,,Meets
EMP_1730,Employee_1730,Finance,Financial Analyst,2024-12-19,,Meets
EMP_1039,Employee_1039,Finance,Financial Analyst,2026-05-08,54305.0,Exceeds
EMP_1030,Employee_1030,Sales,Sales Manager,2024-08-14,115697.0,Exceeds
EMP_1844,Employee_1844,Finance,Financial Analyst,2026-02-30,153875.0,Exceeds
EMP_1136,Employee_1136,Sales,Sales Manager,2025-03-21,120849.0,Exceeds
EMP_1054,Employee_1054,Marketing,SEO Specialist,2018-08-14,140748.0,Needs Improvement
EMP_1842,Employee_1842,Sales,Account Executive,2018-08-20,134881.0,Exceeds
EMP_1334,Employee_1334,Sales,Account Executive,2018-08-30,146069.0,Meets
EMP_1582,Employee_1582,Human Resources,HR Generalist,Active Employee,48219.0,Needs Improvement
EMP_1342,Employee_1342,Marketing,Growth Marketer,2024-08-19,80755.0,Needs Improvement
EMP_1724,Employee_1724,Marketing,Growth Marketer,2024-06-15,76005.0,Meets
EMP_1003,Employee_1003,Sales,Account Executive,2020-10-06,123907.0,Exceeds
EMP_1363,Employee_1363,Engineering,QA Engineer,2024-03-03,50741.0,Meets
EMP_1523,Employee_1523,Engineering,Software Engineer,2026-02-30,63021.0,Meets
EMP_1713,Employee_1713,Engineering,Data Scientist,2019-06-27,125868.0,Meets
EMP_1765,Employee_1765,Finance,Financial Analyst,2020-03-22,52993.0,Needs Improvement
EMP_1808,Employee_1808,Engineering,Data Scientist,2021-11-24,131577.0,Meets
EMP_1277,Employee_1277,Engineering,QA Engineer,2019-09-12,85953.0,Meets
EMP_1351,Employee_1351,Engineering,QA Engineer,2023-10-07,84472.0,Exceeds
EMP_1058,Employee_1058,Engineering,Data Scientist,2025-07-13,156587.0,Meets
EMP_1552,Employee_1552,Engineering,Software Engineer,2022-12-22,,Meets
EMP_1346,Employee_1346,Marketing,Growth Marketer,2026-02-11,86770.0,Exceeds
EMP_1063,Employee_1063,Sales,Sales Manager,2021-12-28,62154.0,Meets
EMP_1270,Employee_1270,Human Resources,Recruiter,2023-11-14,99239.0,Meets
EMP_1265,Employee_1265,Human Resources,HR Generalist,2020-12-06,138375.0,Needs Improvement
EMP_2012,Employee_2012,Engineering,Software Engineer,2023-06-25,74067.0,Meets
EMP_1100,Employee_1100,Marketing,SEO Specialist,2024-01-28,101346.0,Meets
EMP_1168,Employee_1168,Finance,Financial Analyst,2020-07-27,94856.0,Needs Improvement
EMP_1989,Employee_1989,Finance,Accountant,2024-07-20,139920.0,Meets
EMP_1598,Employee_1598,Finance,Financial Analyst,2022-07-12,,Needs Improvement
EMP_1720,Employee_1720,Finance,Financial Analyst,2026-02-06,151258.0,Meets
EMP_1541,Employee_1541,Engineering,QA Engineer,2024-08-10,118919.0,Meets
EMP_1693,Employee_1693,Sales,Account Executive,02/28/2023,79208.0,Meets
EMP_1789,Employee_1789,Sales,Account Executive,2024-03-06,154704.0,Exceeds
EMP_2006,Employee_2006,Sales,Sales Manager,2020-02-28,117733.0,Needs Improvement
EMP_1630,Employee_1630,Engineering,Data Scientist,2021-12-20,73551.0,Needs Improvement
EMP_1962,Employee_1962,Finance,Accountant,2020-05-02,115736.0,Needs Improvement
EMP_1843,Employee_1843,Marketing,SEO Specialist,2019-01-04,58235.0,Meets
EMP_1557,Employee_1557,Human Resources,Recruiter,2025-06-25,140006.0,Meets
EMP_1066,Employee_1066,Finance,Accountant,2024-12-11,90745.0,Exceeds
EMP_1321,Employee_1321,Finance,Financial Analyst,2022-05-08,,Meets
EMP_1067,Employee_1067,Sales,Sales Manager,2023-03-27,65676.0,Needs Improvement
EMP_1336,Employee_1336,Human Resources,Recruiter,2021-05-25,75671.0,Meets
EMP_1429,Employee_1429,Finance,Accountant,2021-02-07,151921.0,Exceeds
EMP_1012,Employee_1012,Sales,Sales Manager,2025-07-15,157108.0,Meets
EMP_2034,Employee_2034,Marketing,Growth Marketer,2019-12-31,80268.0,Meets
EMP_1570,Employee_1570,Marketing,Growth Marketer,2020-02-09,,Meets
EMP_1875,Employee_1875,Finance,Accountant,2025-06-11,157274.0,Needs Improvement
EMP_1712,Employee_1712,Sales,Sales Manager,2023-04-17,103459.0,Meets
EMP_1554,Employee_1554,Human Resources,Recruiter,2020-03-08,117710.0,Needs Improvement
EMP_1688,Employee_1688,Human Resources,HR Generalist,2024-10-31,138277.0,Meets
EMP_1780,Employee_1780,Engineering,QA Engineer,2022-09-18,135507.0,Meets
EMP_1184,Employee_1184,Finance,Financial Analyst,2024-06-19,,Needs Improvement
EMP_1504,Employee_1504,Finance,Financial Analyst,2022-01-28,76831.0,Meets
EMP_1969,Employee_1969,Sales,Account Executive,2023-06-20,,Meets
EMP_1568,Employee_1568,Marketing,SEO Specialist,2019-12-22,147494.0,Meets
EMP_1650,Employee_1650,Marketing,SEO Specialist,2022-11-26,,Meets
EMP_1451,Employee_1451,Human Resources,HR Generalist,2018-10-16,146025.0,Meets
EMP_1533,Employee_1533,Marketing,Growth Marketer,02/06/2019,157488.0,Exceeds
EMP_2020,Employee_2020,Finance,Financial Analyst,2020-08-16,47014.0,Exceeds
EMP_2031,Employee_2031,Finance,Financial Analyst,2018-07-28,154075.0,Meets
EMP_1996,Employee_1996,Finance,Accountant,2023-11-10,150159.0,Needs Improvement
EMP_1817,Employee_1817,Finance,Accountant,Active Employee,156570.0,Exceeds
EMP_1754,Employee_1754,Marketing,SEO Specialist,2023-10-08,57571.0,Exceeds
EMP_1668,Employee_1668,Sales,Sales Manager,2025-01-03,143274.0,Meets
EMP_1275,Employee_1275,Marketing,Growth Marketer,2020-03-11,52861.0,Meets
EMP_1273,Employee_1273,Marketing,Growth Marketer,2018-09-23,107163.0,Exceeds
EMP_1237,Employee_1237,Sales,Account Executive,2018-11-05,139924.0,Needs Improvement
EMP_1331,Employee_1331,Sales,Account Executive,2024-11-20,65308.0,Exceeds
EMP_1309,Employee_1309,Sales,Account Executive,2019-01-30,,Meets
EMP_1002,Employee_1002,Finance,Accountant,2026-01-27,48905.0,Exceeds
EMP_1006,Employee_1006,Sales,Sales Manager,2022-08-13,81421.0,Meets
EMP_1708,Employee_1708,Sales,Sales Manager,2024-12-26,57055.0,Meets
EMP_1890,Employee_1890,Human Resources,HR Generalist,2020-06-25,141497.0,Exceeds
EMP_1260,Employee_1260,Engineering,Software Engineer,2021-09-16,113955.0,Exceeds
EMP_1359,Employee_1359,Engineering,QA Engineer,2025-09-03,90193.0,Meets
EMP_1215,Employee_1215,Engineering,QA Engineer,Active Employee,135964.0,Meets
EMP_1539,Employee_1539,Marketing,Growth Marketer,2024-06-02,156467.0,Meets
EMP_1439,Employee_1439,Finance,Accountant,2022-11-29,67699.0,Needs Improvement
EMP_1631,Employee_1631,Sales,Sales Manager,2023-06-03,87318.0,Meets
EMP_1274,Employee_1274,Engineering,Software Engineer,2025-05-21,101606.0,Exceeds
EMP_1820,Employee_1820,Finance,Accountant,2021-10-18,52086.0,Meets
EMP_1344,Employee_1344,Human Resources,Recruiter,2026-02-17,,Exceeds
EMP_1745,Employee_1745,Sales,Sales Manager,2020-11-25,94638.0,Meets
EMP_1814,Employee_1814,Sales,Sales Manager,2020-02-29,144997.0,Meets
EMP_1928,Employee_1928,Engineering,Software Engineer,2018-11-30,127511.0,Meets
EMP_1467,Employee_1467,Marketing,SEO Specialist,2018-08-30,75972.0,Exceeds
EMP_1256,Employee_1256,Marketing,Growth Marketer,2024-12-21,115807.0,Meets
EMP_1025,Employee_1025,Finance,Accountant,03/23/2020,157824.0,Exceeds
EMP_1296,Employee_1296,Human Resources,Recruiter,2024-06-17,61932.0,Needs Improvement
EMP_1047,Employee_1047,Sales,Account Executive,2024-04-18,115292.0,Needs Improvement
EMP_1106,Employee_1106,Human Resources,Recruiter,2019-05-15,120454.0,Meets
EMP_1055,Employee_1055,Sales,Account Executive,2023-02-07,73534.0,Exceeds
EMP_1723,Employee_1723,Marketing,Growth Marketer,2023-12-21,120457.0,Needs Improvement
EMP_1213,Employee_1213,Finance,Financial Analyst,2019-07-04,53968.0,Meets
EMP_1120,Employee_1120,Human Resources,Recruiter,2019-11-18,136163.0,Exceeds
EMP_1884,Employee_1884,Finance,Accountant,2018-07-23,,Exceeds
EMP_1308,Employee_1308,Sales,Account Executive,2024-10-15,78550.0,Meets
EMP_1072,Employee_1072,Sales,Sales Manager,2020-10-05,109032.0,Meets
EMP_1449,Employee_1449,Sales,Account Executive,2018-12-02,114604.0,Meets
EMP_1967,Employee_1967,Sales,Account Executive,2020-01-30,119162.0,Meets
EMP_1424,Employee_1424,Finance,Financial Analyst,2025-12-03,50100.0,Meets
EMP_1594,Employee_1594,Sales,Sales Manager,Active Employee,151001.0,Exceeds
EMP_1980,Employee_1980,Marketing,Growth Marketer,2021-01-11,133503.0,Needs Improvement
EMP_1323,Employee_1323,Marketing,Growth Marketer,2022-09-25,57387.0,Needs Improvement
EMP_1597,Employee_1597,Human Resources,Recruiter,2019-09-26,95939.0,Needs Improvement
EMP_1803,Employee_1803,Finance,Accountant,2019-11-16,58410.0,Exceeds
EMP_2000,Employee_2000,Marketing,Growth Marketer,05/15/2026,137949.0,Exceeds
EMP_1721,Employee_1721,Engineering,QA Engineer,2020-06-29,91849.0,Meets
EMP_1911,Employee_1911,Sales,Account Executive,2024-05-02,67779.0,Exceeds
EMP_1596,Employee_1596,Marketing,Growth Marketer,2021-04-19,59936.0,Meets
EMP_1889,Employee_1889,Human Resources,Recruiter,01/17/2019,122242.0,Meets
EMP_1447,Employee_1447,Human Resources,HR Generalist,2024-03-01,153521.0,Meets
EMP_1060,Employee_1060,Human Resources,HR Generalist,2020-01-16,77271.0,Exceeds
EMP_1486,Employee_1486,Marketing,Growth Marketer,2024-06-05,115419.0,Needs Improvement
EMP_1092,Employee_1092,Human Resources,HR Generalist,2023-07-29,50817.0,Needs Improvement
EMP_1771,Employee_1771,Human Resources,HR Generalist,2019-05-25,64382.0,Meets
EMP_1859,Employee_1859,Human Resources,Recruiter,2021-04-24,80629.0,Needs Improvement
EMP_1811,Employee_1811,Finance,Financial Analyst,2022-08-01,140230.0,Meets
EMP_1280,Employee_1280,Engineering,QA Engineer,2019-12-29,74643.0,Needs Improvement
EMP_1727,Employee_1727,Finance,Accountant,2024-06-17,109282.0,Exceeds
EMP_1448,Employee_1448,Finance,Accountant,2024-11-21,59316.0,Meets
EMP_1362,Employee_1362,Human Resources,HR Generalist,2024-12-01,53270.0,Needs Improvement
EMP_1182,Employee_1182,Marketing,SEO Specialist,2026-02-21,56970.0,Meets
EMP_1560,Employee_1560,Sales,Account Executive,2024-07-22,101973.0,Meets
EMP_1978,Employee_1978,Sales,Account Executive,2024-05-02,65625.0,Meets
EMP_1110,Employee_1110,Engineering,QA Engineer,Active Employee,150043.0,Needs Improvement
EMP_1427,Employee_1427,Sales,Sales Manager,2019-07-08,141904.0,Meets
EMP_1618,Employee_1618,Sales,Sales Manager,2019-08-03,127938.0,Needs Improvement
EMP_1549,Employee_1549,Engineering,Data Scientist,2023-02-13,149602.0,Meets
EMP_1726,Employee_1726,Finance,Financial Analyst,2020-02-12,69672.0,Needs Improvement
EMP_1367,Employee_1367,Marketing,Growth Marketer,2022-04-21,102272.0,Needs Improvement
EMP_1261,Employee_1261,Engineering,QA Engineer,2021-05-27,146976.0,Meets
EMP_1409,Employee_1409,Marketing,Growth Marketer,2022-11-07,76685.0,Needs Improvement
EMP_1566,Employee_1566,Marketing,SEO Specialist,2019-09-01,136133.0,Meets
EMP_1583,Employee_1583,Engineering,QA Engineer,10/07/2021,56253.0,Exceeds
EMP_1906,Employee_1906,Finance,Accountant,2023-10-07,111967.0,Meets
EMP_1137,Employee_1137,Marketing,SEO Specialist,2021-12-25,138718.0,Meets
EMP_1616,Employee_1616,Marketing,Growth Marketer,2021-05-21,,Meets
EMP_1711,Employee_1711,Human Resources,Recruiter,06/29/2024,91392.0,Meets
EMP_1930,Employee_1930,Engineering,Data Scientist,2018-09-26,65152.0,Exceeds
EMP_1692,Employee_1692,Engineering,Data Scientist,2020-01-24,53163.0,Needs Improvement
EMP_2015,Employee_2015,Human Resources,Recruiter,2026-04-24,71438.0,Meets
EMP_1951,Employee_1951,Sales,Account Executive,2023-03-27,126201.0,Exceeds
EMP_1029,Employee_1029,Finance,Financial Analyst,2019-06-02,84117.0,Meets
EMP_1165,Employee_1165,Engineering,Software Engineer,2021-12-08,109454.0,Exceeds
EMP_1248,Employee_1248,Human Resources,Recruiter,2023-04-18,49288.0,Meets
EMP_1307,Employee_1307,Marketing,SEO Specialist,03/12/2019,151828.0,Meets
EMP_1900,Employee_1900,Finance,Accountant,2026-02-30,150946.0,Exceeds
EMP_1390,Employee_1390,Sales,Sales Manager,2026-02-19,,Meets
EMP_1354,Employee_1354,Finance,Financial Analyst,2024-10-26,83177.0,Needs Improvement
EMP_1902,Employee_1902,Engineering,Data Scientist,2025-10-18,71201.0,Meets
EMP_1792,Employee_1792,Finance,Accountant,2019-04-22,61236.0,Exceeds
EMP_1477,Employee_1477,Engineering,Data Scientist,2026-02-30,150996.0,Exceeds
EMP_1885,Employee_1885,Sales,Sales Manager,2024-11-08,152720.0,Needs Improvement
EMP_2037,Employee_2037,Finance,Accountant,2024-09-06,147097.0,Exceeds
EMP_1670,Employee_1670,Marketing,Growth Marketer,2023-06-25,138365.0,Exceeds
EMP_1065,Employee_1065,Finance,Financial Analyst,2025-08-10,115468.0,Meets
EMP_1398,Employee_1398,Engineering,QA Engineer,2024-03-24,,Meets
EMP_1736,Employee_1736,Sales,Account Executive,2026-02-30,85215.0,Meets
EMP_1430,Employee_1430,Marketing,SEO Specialist,2018-11-16,59366.0,Needs Improvement
EMP_1254,Employee_1254,Engineering,Data Scientist,2024-02-09,121858.0,Meets
EMP_1830,Employee_1830,Sales,Account Executive,08/27/2018,159948.0,Meets
EMP_1312,Employee_1312,Human Resources,HR Generalist,2021-03-04,102961.0,Meets
EMP_1433,Employee_1433,Engineering,Data Scientist,2021-01-16,67349.0,Needs Improvement
EMP_1221,Employee_1221,Sales,Sales Manager,2019-04-12,78289.0,Needs Improvement
EMP_1235,Employee_1235,Finance,Accountant,2024-08-02,78681.0,Needs Improvement
EMP_1461,Employee_1461,Sales,Account Executive,2022-08-26,148647.0,Meets
EMP_1622,Employee_1622,Marketing,SEO Specialist,2020-08-29,134037.0,Exceeds
EMP_1305,Employee_1305,Marketing,Growth Marketer,2022-09-11,147120.0,Meets
EMP_1380,Employee_1380,Finance,Financial Analyst,2020-06-29,93096.0,Needs Improvement
EMP_1839,Employee_1839,Finance,Financial Analyst,2019-01-03,59170.0,Exceeds
EMP_1249,Employee_1249,Sales,Sales Manager,2021-06-11,75947.0,Meets
EMP_1661,Employee_1661,Human Resources,Recruiter,2025-07-04,128956.0,Meets
EMP_1753,Employee_1753,Marketing,Growth Marketer,2024-04-19,98645.0,Meets
EMP_1071,Employee_1071,Marketing,SEO Specialist,2019-08-25,72607.0,Meets
EMP_1094,Employee_1094,Marketing,SEO Specialist,2025-08-24,132062.0,Meets
EMP_1665,Employee_1665,Engineering,QA Engineer,2025-02-16,104424.0,Exceeds
EMP_1033,Employee_1033,Finance,Financial Analyst,2025-06-21,140932.0,Needs Improvement
EMP_1675,Employee_1675,Sales,Account Executive,2021-02-20,,Needs Improvement
EMP_1259,Employee_1259,Finance,Accountant,2026-04-03,67838.0,Meets
EMP_1204,Employee_1204,Marketing,SEO Specialist,2021-04-28,87176.0,Meets
EMP_1823,Employee_1823,Human Resources,Recruiter,2019-05-10,68176.0,Meets
EMP_1888,Employee_1888,Marketing,Growth Marketer,2021-10-13,51094.0,Exceeds
EMP_1365,Employee_1365,Finance,Accountant,2023-08-04,49799.0,Meets
EMP_1077,Employee_1077,Finance,Financial Analyst,Active Employee,121350.0,Meets
EMP_1084,Employee_1084,Human Resources,HR Generalist,2026-02-30,74154.0,Meets
EMP_1432,Employee_1432,Finance,Accountant,2023-06-15,130929.0,Meets
EMP_1082,Employee_1082,Sales,Sales Manager,2026-02-25,68509.0,Meets
EMP_1535,Employee_1535,Engineering,Data Scientist,2026-04-29,137123.0,Meets
EMP_1926,Employee_1926,Human Resources,HR Generalist,2023-02-08,130397.0,Meets
EMP_1936,Employee_1936,Finance,Financial Analyst,2018-07-28,156181.0,Exceeds
EMP_1652,Employee_1652,Finance,Accountant,2018-09-08,48515.0,Meets
EMP_1350,Employee_1350,Sales,Account Executive,2020-04-11,140320.0,Needs Improvement
EMP_1605,Employee_1605,Finance,Financial Analyst,Active Employee,82858.0,Meets
EMP_1005,Employee_1005,Sales,Sales Manager,2019-10-28,81463.0,Exceeds
EMP_1310,Employee_1310,Human Resources,Recruiter,02/09/2020,144598.0,Needs Improvement
EMP_1920,Employee_1920,Sales,Sales Manager,2022-09-19,92290.0,Meets
EMP_1752,Employee_1752,Sales,Sales Manager,2024-09-01,52019.0,Exceeds
EMP_1104,Employee_1104,Marketing,Growth Marketer,2024-03-13,64313.0,Exceeds
EMP_1097,Employee_1097,Human Resources,Recruiter,2020-03-19,61683.0,Meets
EMP_1810,Employee_1810,Marketing,SEO Specialist,2021-11-22,95891.0,Exceeds
EMP_2023,Employee_2023,Human Resources,Recruiter,2019-12-26,45609.0,Meets
EMP_1314,Employee_1314,Marketing,SEO Specialist,2021-05-12,49929.0,Exceeds
EMP_1530,Employee_1530,Sales,Account Executive,2019-06-25,114003.0,Meets
EMP_1526,Employee_1526,Human Resources,HR Generalist,2026-05-10,114758.0,Needs Improvement
EMP_1062,Employee_1062,Marketing,Growth Marketer,12/02/2018,138872.0,Meets
EMP_1281,Employee_1281,Finance,Financial Analyst,2019-08-08,131223.0,Meets
EMP_2049,Employee_2049,Human Resources,HR Generalist,2021-09-24,136843.0,Meets
EMP_1266,Employee_1266,Engineering,Software Engineer,2022-10-26,124730.0,Meets
EMP_1578,Employee_1578,Marketing,Growth Marketer,2019-03-05,125304.0,Exceeds
EMP_1238,Employee_1238,Finance,Accountant,2025-06-02,148636.0,Needs Improvement
EMP_1572,Employee_1572,Human Resources,Recruiter,2018-08-30,54064.0,Needs Improvement
EMP_1145,Employee_1145,Human Resources,Recruiter,2019-10-15,80179.0,Meets
EMP_1602,Employee_1602,Marketing,Growth Marketer,09/13/2020,95916.0,Needs Improvement
EMP_1644,Employee_1644,Engineering,QA Engineer,2022-04-23,84223.0,Meets
EMP_1118,Employee_1118,Sales,Account Executive,2021-10-11,98424.0,Meets
EMP_1762,Employee_1762,Engineering,QA Engineer,2021-07-01,105956.0,Meets
EMP_1531,Employee_1531,Marketing,SEO Specialist,2021-12-24,55357.0,Meets
EMP_1250,Employee_1250,Engineering,Data Scientist,2022-04-24,116364.0,Meets
EMP_1285,Employee_1285,Engineering,Data Scientist,2020-06-25,73197.0,Needs Improvement
EMP_1494,Employee_1494,Human Resources,Recruiter,2023-10-21,115747.0,Meets
EMP_1009,Employee_1009,Engineering,Data Scientist,2021-04-12,115284.0,Exceeds
EMP_1532,Employee_1532,Human Resources,Recruiter,2020-02-04,76877.0,Meets
EMP_1561,Employee_1561,Human Resources,Recruiter,2020-12-31,147585.0,Exceeds
EMP_1196,Employee_1196,Sales,Sales Manager,04/02/2020,46792.0,Needs Improvement
EMP_1757,Employee_1757,Sales,Account Executive,Active Employee,72125.0,Meets
EMP_1370,Employee_1370,Human Resources,HR Generalist,08/08/2021,123964.0,Meets
EMP_1081,Employee_1081,Finance,Financial Analyst,2023-10-11,158325.0,Meets
EMP_1389,Employee_1389,Marketing,Growth Marketer,2025-01-25,71342.0,Meets
EMP_1545,Employee_1545,Sales,Account Executive,2022-08-11,124320.0,Needs Improvement
EMP_1898,Employee_1898,Marketing,Growth Marketer,2019-02-21,68306.0,Meets
EMP_1985,Employee_1985,Finance,Financial Analyst,2019-01-04,152649.0,Meets
EMP_1718,Employee_1718,Human Resources,Recruiter,2022-07-28,119141.0,Meets
EMP_1599,Employee_1599,Finance,Financial Analyst,2018-11-16,137535.0,Meets
EMP_1239,Employee_1239,Engineering,QA Engineer,2020-05-31,61199.0,Needs Improvement
EMP_1908,Employee_1908,Finance,Financial Analyst,2026-04-14,142474.0,Meets
EMP_1211,Employee_1211,Marketing,SEO Specialist,2019-02-22,55527.0,Meets
EMP_1493,Employee_1493,Human Resources,HR Generalist,2023-09-08,142064.0,Exceeds
EMP_1892,Employee_1892,Finance,Financial Analyst,2024-12-28,58573.0,Needs Improvement
EMP_1144,Employee_1144,Sales,Sales Manager,2019-07-11,150932.0,Needs Improvement
EMP_1959,Employee_1959,Marketing,Growth Marketer,2020-05-22,70746.0,Meets
EMP_1593,Employee_1593,Finance,Accountant,2022-01-26,45583.0,Meets
EMP_1227,Employee_1227,Engineering,Data Scientist,2021-12-28,80976.0,Exceeds
EMP_2041,Employee_2041,Human Resources,HR Generalist,2020-09-12,81735.0,Needs Improvement
EMP_2028,Employee_2028,Human Resources,Recruiter,2019-11-07,157987.0,Exceeds
EMP_1984,Employee_1984,Sales,Sales Manager,2024-05-30,112717.0,Needs Improvement
EMP_1177,Employee_1177,Sales,Sales Manager,2026-02-30,54359.0,Exceeds
EMP_1617,Employee_1617,Engineering,QA Engineer,2025-02-11,,Meets
EMP_1135,Employee_1135,Marketing,Growth Marketer,2019-08-21,124593.0,Exceeds
EMP_1790,Employee_1790,Sales,Account Executive,2021-04-24,51626.0,Meets
EMP_1529,Employee_1529,Sales,Account Executive,2025-05-08,113732.0,Meets
EMP_1007,Employee_1007,Sales,Sales Manager,2025-04-14,57156.0,Needs Improvement
EMP_1462,Employee_1462,Finance,Financial Analyst,2024-06-18,125079.0,Needs Improvement
EMP_1155,Employee_1155,Human Resources,Recruiter,2022-06-26,137124.0,Needs Improvement
EMP_2007,Employee_2007,Marketing,SEO Specialist,2019-12-14,90135.0,Needs Improvement
EMP_1357,Employee_1357,Finance,Financial Analyst,2022-01-19,159469.0,Needs Improvement
EMP_1667,Employee_1667,Engineering,Software Engineer,2020-11-11,90443.0,Meets
EMP_1223,Employee_1223,Engineering,QA Engineer,2022-07-22,122014.0,Meets
EMP_1329,Employee_1329,Human Resources,Recruiter,2026-03-24,92526.0,Meets
EMP_1614,Employee_1614,Finance,Financial Analyst,2021-06-25,116611.0,Meets
EMP_1946,Employee_1946,Sales,Account Executive,2023-12-15,125856.0,Meets
EMP_1913,Employee_1913,Sales,Account Executive,2019-11-18,155888.0,Meets
EMP_1963,Employee_1963,Sales,Sales Manager,2022-01-11,74269.0,Meets
EMP_1788,Employee_1788,Finance,Accountant,2024-11-28,147303.0,Exceeds
EMP_1706,Employee_1706,Sales,Account Executive,2021-12-09,93790.0,Exceeds
EMP_1774,Employee_1774,Engineering,Data Scientist,2019-06-11,122014.0,Needs Improvement
EMP_2027,Employee_2027,Finance,Accountant,09/14/2023,144283.0,Meets
EMP_1678,Employee_1678,Marketing,Growth Marketer,2020-01-08,93864.0,Exceeds
EMP_1722,Employee_1722,Sales,Account Executive,08/26/2023,131096.0,Meets
EMP_1912,Employee_1912,Human Resources,HR Generalist,2021-08-16,81583.0,Meets
EMP_1575,Employee_1575,Engineering,QA Engineer,2019-09-22,107814.0,Needs Improvement
EMP_2002,Employee_2002,Sales,Sales Manager,Active Employee,92483.0,Exceeds
EMP_1440,Employee_1440,Finance,Accountant,2020-04-21,91437.0,Meets
EMP_1728,Employee_1728,Engineering,Software Engineer,2023-10-28,123861.0,Meets
EMP_1880,Employee_1880,Marketing,SEO Specialist,2025-10-27,152031.0,Meets
EMP_1163,Employee_1163,Finance,Accountant,2026-02-30,107746.0,Needs Improvement
EMP_1228,Employee_1228,Finance,Financial Analyst,2019-08-19,142671.0,Needs Improvement
EMP_1522,Employee_1522,Finance,Financial Analyst,2020-07-21,49433.0,Exceeds
EMP_1907,Employee_1907,Engineering,QA Engineer,2022-01-31,99600.0,Meets
EMP_1212,Employee_1212,Finance,Accountant,2022-11-17,127155.0,Needs Improvement
EMP_1949,Employee_1949,Marketing,Growth Marketer,2023-08-15,57871.0,Meets
EMP_1079,Employee_1079,Engineering,QA Engineer,2024-01-28,134399.0,Meets
EMP_1148,Employee_1148,Marketing,Growth Marketer,2020-12-17,72802.0,Meets
EMP_1302,Employee_1302,Finance,Accountant,2018-09-12,92428.0,Exceeds
EMP_1506,Employee_1506,Marketing,Growth Marketer,2020-06-04,139972.0,Meets
EMP_1689,Employee_1689,Engineering,Software Engineer,2023-11-01,,Needs Improvement
EMP_1628,Employee_1628,Human Resources,Recruiter,2022-10-05,121278.0,Exceeds
EMP_1513,Employee_1513,Marketing,SEO Specialist,2026-02-30,112215.0,Needs Improvement
EMP_1043,Employee_1043,Sales,Sales Manager,2021-11-12,69957.0,Exceeds
EMP_1528,Employee_1528,Finance,Accountant,03/28/2026,110826.0,Needs Improvement
EMP_1133,Employee_1133,Finance,Financial Analyst,2023-10-03,61544.0,Needs Improvement
EMP_1707,Employee_1707,Finance,Accountant,2025-08-03,47857.0,Exceeds
EMP_1534,Employee_1534,Engineering,QA Engineer,2022-03-06,94436.0,Needs Improvement
EMP_1620,Employee_1620,Engineering,Data Scientist,2022-07-01,114767.0,Meets
EMP_1311,Employee_1311,Finance,Accountant,2019-05-25,86436.0,Meets
EMP_1408,Employee_1408,Marketing,SEO Specialist,2022-07-23,97260.0,Meets
EMP_1587,Employee_1587,Engineering,Data Scientist,2025-02-20,47960.0,Meets
EMP_1760,Employee_1760,Engineering,Data Scientist,2020-04-30,95793.0,Meets
EMP_1589,Employee_1589,Finance,Financial Analyst,2020-03-29,65989.0,Meets
EMP_1934,Employee_1934,Human Resources,Recruiter,2021-07-29,86471.0,Exceeds
EMP_1000,Employee_1000,Engineering,Software Engineer,2023-05-07,77098.0,Meets
EMP_1422,Employee_1422,Sales,Account Executive,01/05/2022,93915.0,Meets
EMP_1360,Employee_1360,Engineering,Data Scientist,2022-09-14,62486.0,Exceeds
EMP_1382,Employee_1382,Sales,Sales Manager,2020-08-16,95723.0,Exceeds
EMP_1316,Employee_1316,Finance,Accountant,2021-03-29,121064.0,Exceeds
EMP_2030,Employee_2030,Sales,Account Executive,11/21/2022,99057.0,Meets
EMP_1475,Employee_1475,Finance,Financial Analyst,2024-08-02,,Needs Improvement
EMP_1879,Employee_1879,Finance,Financial Analyst,2026-02-30,133011.0,Needs Improvement
EMP_1677,Employee_1677,Sales,Sales Manager,2026-02-30,,Meets
EMP_1956,Employee_1956,Human Resources,Recruiter,2022-05-26,62603.0,Meets
EMP_1807,Employee_1807,Sales,Account Executive,2020-08-18,145332.0,Meets
EMP_1172,Employee_1172,Sales,Account Executive,2024-06-25,117350.0,Exceeds
EMP_1450,Employee_1450,Sales,Account Executive,2025-04-22,99172.0,Meets
EMP_1125,Employee_1125,Sales,Sales Manager,2024-12-31,126560.0,Exceeds
EMP_1558,Employee_1558,Finance,Financial Analyst,2018-09-29,94903.0,Meets
EMP_1090,Employee_1090,Engineering,Software Engineer,2019-09-28,101959.0,Meets
EMP_1181,Employee_1181,Human Resources,HR Generalist,2019-09-22,50224.0,Needs Improvement
EMP_1621,Employee_1621,Finance,Financial Analyst,2022-10-20,137281.0,Meets
EMP_1866,Employee_1866,Engineering,Software Engineer,2023-07-01,130848.0,Meets
EMP_1251,Employee_1251,Engineering,QA Engineer,2023-05-03,69878.0,Exceeds
EMP_1069,Employee_1069,Finance,Accountant,2018-12-28,58577.0,Meets
EMP_1131,Employee_1131,Marketing,Growth Marketer,2019-02-21,53993.0,Exceeds
EMP_1300,Employee_1300,Finance,Accountant,2019-04-02,99747.0,Meets
EMP_1584,Employee_1584,Sales,Sales Manager,2022-12-07,89966.0,Needs Improvement
EMP_1326,Employee_1326,Marketing,SEO Specialist,2019-01-27,136551.0,Needs Improvement
EMP_1881,Employee_1881,Human Resources,Recruiter,02/24/2020,145586.0,Needs Improvement
EMP_1499,Employee_1499,Human Resources,Recruiter,2025-11-26,90143.0,Needs Improvement
EMP_1581,Employee_1581,Finance,Financial Analyst,2021-06-07,94036.0,Needs Improvement
EMP_1798,Employee_1798,Sales,Sales Manager,2019-02-15,98674.0,Exceeds
EMP_1495,Employee_1495,Engineering,Software Engineer,2020-10-12,82914.0,Meets
EMP_1338,Employee_1338,Human Resources,Recruiter,2022-02-23,110916.0,Needs Improvement
EMP_1834,Employee_1834,Marketing,SEO Specialist,2022-05-27,143319.0,Meets
EMP_1164,Employee_1164,Marketing,Growth Marketer,2025-11-08,78092.0,Needs Improvement
EMP_1028,Employee_1028,Human Resources,HR Generalist,2023-06-24,110612.0,Meets
EMP_1516,Employee_1516,Finance,Financial Analyst,2024-10-17,47125.0,Meets
EMP_1193,Employee_1193,Human Resources,HR Generalist,2024-02-24,80003.0,Meets
EMP_1679,Employee_1679,Finance,Financial Analyst,2024-06-02,74253.0,Exceeds
EMP_1169,Employee_1169,Human Resources,Recruiter,2019-10-31,101207.0,Meets
EMP_1700,Employee_1700,Finance,Financial Analyst,2024-01-08,154566.0,Meets
EMP_1173,Employee_1173,Sales,Account Executive,2021-11-06,104048.0,Needs Improvement
EMP_1518,Employee_1518,Marketing,Growth Marketer,2022-03-04,119683.0,Meets
EMP_1799,Employee_1799,Engineering,QA Engineer,2024-12-12,,Meets
EMP_1986,Employee_1986,Engineering,Software Engineer,2021-05-24,,Needs Improvement
EMP_1491,Employee_1491,Engineering,Data Scientist,2021-09-23,,Exceeds
EMP_1073,Employee_1073,Engineering,Software Engineer,2019-04-26,100518.0,Meets
EMP_1850,Employee_1850,Engineering,Data Scientist,2026-02-30,59474.0,Needs Improvement
EMP_1234,Employee_1234,Sales,Account Executive,2024-12-12,148089.0,Meets
EMP_1214,Employee_1214,Marketing,Growth Marketer,2025-06-01,101881.0,Exceeds
EMP_1822,Employee_1822,Sales,Sales Manager,2024-05-29,147097.0,Exceeds
EMP_1132,Employee_1132,Engineering,Software Engineer,2024-03-12,154999.0,Exceeds
EMP_1673,Employee_1673,Engineering,Data Scientist,2018-11-14,139736.0,Exceeds
EMP_1816,Employee_1816,Marketing,SEO Specialist,09/18/2022,93717.0,Meets
EMP_1185,Employee_1185,Marketing,Growth Marketer,11/13/2019,102132.0,Needs Improvement
EMP_1041,Employee_1041,Engineering,Data Scientist,2023-10-06,81500.0,Needs Improvement
EMP_1108,Employee_1108,Engineering,Software Engineer,2021-08-30,73683.0,Meets
EMP_1737,Employee_1737,Sales,Account Executive,2026-02-30,137013.0,Needs Improvement
EMP_1567,Employee_1567,Human Resources,Recruiter,Active Employee,97198.0,Meets
EMP_1867,Employee_1867,Engineering,Data Scientist,2018-10-30,113788.0,Meets
EMP_1483,Employee_1483,Engineering,QA Engineer,2021-11-05,,Meets
EMP_1468,Employee_1468,Engineering,QA Engineer,2022-12-28,65934.0,Needs Improvement
EMP_1024,Employee_1024,Human Resources,HR Generalist,2022-02-11,95019.0,Needs Improvement
EMP_1991,Employee_1991,Sales,Account Executive,2026-03-31,71522.0,Needs Improvement
EMP_2048,Employee_2048,Finance,Accountant,2022-04-30,,Needs Improvement
EMP_1660,Employee_1660,Finance,Accountant,2019-05-20,138405.0,Needs Improvement
EMP_1861,Employee_1861,Engineering,Software Engineer,2018-08-16,140212.0,Exceeds
EMP_1366,Employee_1366,Marketing,SEO Specialist,2025-11-23,158481.0,Meets
EMP_1731,Employee_1731,Marketing,Growth Marketer,Active Employee,64360.0,Meets
EMP_1939,Employee_1939,Human Resources,Recruiter,2019-01-08,49039.0,Needs Improvement
EMP_1383,Employee_1383,Marketing,SEO Specialist,2018-07-15,103493.0,Meets
EMP_1454,Employee_1454,Engineering,Software Engineer,2019-02-12,120252.0,Meets
EMP_1264,Employee_1264,Human Resources,HR Generalist,2025-09-30,107781.0,Needs Improvement
EMP_1746,Employee_1746,Finance,Accountant,2025-04-17,153633.0,Needs Improvement
EMP_1849,Employee_1849,Sales,Sales Manager,2022-09-21,75737.0,Exceeds
EMP_1444,Employee_1444,Finance,Accountant,2023-03-16,60974.0,Needs Improvement
EMP_1395,Employee_1395,Sales,Account Executive,2024-12-25,101704.0,Exceeds
EMP_1176,Employee_1176,Finance,Financial Analyst,08/30/2021,60043.0,Meets
EMP_1018,Employee_1018,Marketing,SEO Specialist,2023-06-06,53675.0,Meets
EMP_1615,Employee_1615,Human Resources,HR Generalist,2019-02-06,143480.0,Meets
EMP_1877,Employee_1877,Engineering,QA Engineer,2021-10-22,49696.0,Exceeds
EMP_1061,Employee_1061,Finance,Financial Analyst,2021-09-23,131163.0,Meets
EMP_1272,Employee_1272,Marketing,SEO Specialist,2022-12-04,132177.0,Meets
EMP_1278,Employee_1278,Engineering,Data Scientist,2020-09-27,72884.0,Meets
EMP_1732,Employee_1732,Engineering,Data Scientist,05/04/2022,54506.0,Meets
EMP_1368,Employee_1368,Human Resources,Recruiter,2022-08-18,69486.0,Needs Improvement
EMP_1886,Employee_1886,Engineering,QA Engineer,2026-02-30,70679.0,Meets
EMP_1715,Employee_1715,Engineering,Software Engineer,2023-04-18,95202.0,Meets
EMP_1674,Employee_1674,Sales,Account Executive,2025-12-08,157550.0,Exceeds
EMP_1547,Employee_1547,Human Resources,HR Generalist,2022-06-10,117487.0,Needs Improvement
EMP_1862,Employee_1862,Sales,Account Executive,2021-10-06,122430.0,Needs Improvement
EMP_1783,Employee_1783,Human Resources,HR Generalist,2023-11-16,62614.0,Meets
EMP_1456,Employee_1456,Engineering,QA Engineer,2020-11-15,69420.0,Meets
EMP_1393,Employee_1393,Human Resources,HR Generalist,2025-01-09,86553.0,Exceeds
EMP_1909,Employee_1909,Sales,Sales Manager,2023-11-26,128071.0,Meets
EMP_1375,Employee_1375,Engineering,Data Scientist,04/13/2019,98242.0,Meets
EMP_1412,Employee_1412,Sales,Account Executive,2022-10-04,120718.0,Meets
EMP_1074,Employee_1074,Engineering,Software Engineer,2022-09-09,146072.0,Meets
EMP_1500,Employee_1500,Finance,Accountant,2018-08-15,99568.0,Needs Improvement
EMP_1717,Employee_1717,Finance,Financial Analyst,2022-02-21,147487.0,Meets
EMP_1114,Employee_1114,Finance,Accountant,2019-05-27,76358.0,Meets
EMP_1417,Employee_1417,Marketing,Growth Marketer,2025-03-23,101482.0,Meets
EMP_1601,Employee_1601,Engineering,Software Engineer,2023-01-03,60328.0,Meets
EMP_1604,Employee_1604,Sales,Sales Manager,2019-04-21,115435.0,Meets
EMP_1089,Employee_1089,Engineering,Software Engineer,2023-07-03,68405.0,Meets
EMP_1498,Employee_1498,Human Resources,Recruiter,2023-05-06,52989.0,Meets
EMP_1759,Employee_1759,Marketing,SEO Specialist,2021-02-24,109106.0,Meets
EMP_1903,Employee_1903,Sales,Sales Manager,2026-02-30,77841.0,Meets
EMP_1764,Employee_1764,Engineering,Software Engineer,2018-12-09,90061.0,Needs Improvement
EMP_1011,Employee_1011,Finance,Financial Analyst,2018-07-13,54116.0,Exceeds
EMP_1396,Employee_1396,Engineering,Data Scientist,2024-09-18,84862.0,Meets
EMP_1657,Employee_1657,Marketing,Growth Marketer,2021-02-23,145973.0,Exceeds
EMP_1982,Employee_1982,Engineering,Software Engineer,2025-12-12,,Meets
EMP_1042,Employee_1042,Sales,Account Executive,2020-01-11,120525.0,Needs Improvement
EMP_1167,Employee_1167,Engineering,Software Engineer,2025-02-06,118147.0,Needs Improvement
EMP_1416,Employee_1416,Engineering,Software Engineer,2023-04-11,109866.0,Needs Improvement
EMP_1576,Employee_1576,Finance,Accountant,2020-05-02,49818.0,Meets
EMP_1938,Employee_1938,Finance,Financial Analyst,2026-02-30,145306.0,Needs Improvement
EMP_1704,Employee_1704,Finance,Financial Analyst,2025-05-15,105560.0,Exceeds
EMP_1426,Employee_1426,Finance,Financial Analyst,2022-10-02,125356.0,Meets
EMP_1544,Employee_1544,Finance,Accountant,2025-10-30,57803.0,Needs Improvement
EMP_1851,Employee_1851,Sales,Account Executive,2020-09-10,54836.0,Exceeds
EMP_1767,Employee_1767,Finance,Financial Analyst,2026-02-30,84171.0,Exceeds
EMP_1257,Employee_1257,Sales,Account Executive,01/07/2019,158567.0,Exceeds
EMP_1335,Employee_1335,Human Resources,HR Generalist,2021-10-28,92749.0,Meets
EMP_1015,Employee_1015,Engineering,Data Scientist,04/24/2019,67431.0,Meets
EMP_1785,Employee_1785,Finance,Financial Analyst,2024-04-28,102896.0,Meets
EMP_1324,Employee_1324,Marketing,SEO Specialist,2019-01-25,123997.0,Meets
EMP_1947,Employee_1947,Sales,Account Executive,2024-05-25,132946.0,Exceeds
EMP_1940,Employee_1940,Sales,Account Executive,2024-11-25,142878.0,Needs Improvement
EMP_1222,Employee_1222,Marketing,Growth Marketer,2021-03-19,82700.0,Meets
EMP_1179,Employee_1179,Human Resources,HR Generalist,2021-03-05,135266.0,Meets
EMP_1099,Employee_1099,Finance,Accountant,Active Employee,116819.0,Exceeds
EMP_1521,Employee_1521,Sales,Account Executive,2020-04-20,109004.0,Meets
EMP_1022,Employee_1022,Marketing,Growth Marketer,2024-11-17,111784.0,Needs Improvement
EMP_1356,Employee_1356,Sales,Account Executive,2020-07-23,92265.0,Exceeds
EMP_1832,Employee_1832,Sales,Account Executive,2025-12-01,84085.0,Meets
EMP_2045,Employee_2045,Marketing,Growth Marketer,2026-04-19,133356.0,Meets
EMP_1611,Employee_1611,Marketing,Growth Marketer,2020-05-26,82836.0,Meets
EMP_1873,Employee_1873,Marketing,Growth Marketer,2020-09-29,,Needs Improvement
EMP_1340,Employee_1340,Engineering,Data Scientist,2021-01-15,159572.0,Meets
EMP_1431,Employee_1431,Finance,Accountant,2018-09-18,127478.0,Exceeds
EMP_1682,Employee_1682,Engineering,QA Engineer,2024-03-07,83219.0,Meets
EMP_1217,Employee_1217,Marketing,SEO Specialist,2022-03-24,101450.0,Meets
EMP_1203,Employee_1203,Sales,Sales Manager,2020-05-22,108483.0,Meets
EMP_1787,Employee_1787,Engineering,Data Scientist,2026-02-30,53600.0,Meets
EMP_1093,Employee_1093,Engineering,Data Scientist,2026-02-30,135027.0,Meets
EMP_1695,Employee_1695,Sales,Account Executive,2024-02-27,62840.0,Exceeds
EMP_1068,Employee_1068,Finance,Accountant,2019-07-28,150788.0,Exceeds
EMP_1869,Employee_1869,Human Resources,Recruiter,2018-12-27,133643.0,Needs Improvement
EMP_1284,Employee_1284,Finance,Accountant,2025-08-25,63595.0,Exceeds
EMP_1993,Employee_1993,Finance,Financial Analyst,2025-05-21,108208.0,Meets
EMP_1434,Employee_1434,Sales,Account Executive,2026-02-30,120047.0,Exceeds
EMP_1694,Employee_1694,Human Resources,Recruiter,2022-11-12,104343.0,Meets
EMP_1153,Employee_1153,Engineering,QA Engineer,2023-12-12,98005.0,Meets
EMP_1075,Employee_1075,Marketing,Growth Marketer,2021-06-23,117309.0,Needs Improvement
EMP_1910,Employee_1910,Finance,Financial Analyst,2024-04-05,83558.0,Needs Improvement
EMP_1580,Employee_1580,Engineering,Software Engineer,2025-04-29,78913.0,Meets
EMP_1446,Employee_1446,Marketing,Growth Marketer,2022-07-19,102983.0,Meets
EMP_1188,Employee_1188,Human Resources,Recruiter,Active Employee,97488.0,Exceeds
EMP_1271,Employee_1271,Human Resources,Recruiter,2021-10-07,140631.0,Exceeds
EMP_1236,Employee_1236,Marketing,SEO Specialist,2025-02-20,106385.0,Exceeds
EMP_1487,Employee_1487,Finance,Financial Analyst,2023-12-07,154421.0,Exceeds
EMP_1559,Employee_1559,Sales,Sales Manager,2023-01-20,80180.0,Needs Improvement
EMP_1117,Employee_1117,Sales,Account Executive,2022-02-19,135957.0,Meets
EMP_1918,Employee_1918,Sales,Account Executive,2020-10-06,,Needs Improvement
EMP_2009,Employee_2009,Engineering,Software Engineer,2020-09-23,97502.0,Meets
EMP_1512,Employee_1512,Marketing,SEO Specialist,2021-03-15,114946.0,Meets
EMP_1633,Employee_1633,Marketing,Growth Marketer,2025-11-30,58051.0,Needs Improvement
EMP_1914,Employee_1914,Engineering,QA Engineer,03/14/2021,138020.0,Meets
EMP_2024,Employee_2024,Sales,Sales Manager,2020-10-02,,Exceeds
EMP_1740,Employee_1740,Human Resources,HR Generalist,2022-09-19,142693.0,Exceeds
EMP_1126,Employee_1126,Human Resources,HR Generalist,2025-06-28,129246.0,Needs Improvement
EMP_1116,Employee_1116,Marketing,SEO Specialist,2020-05-16,55561.0,Meets
EMP_1473,Employee_1473,Sales,Account Executive,2020-07-15,103556.0,Meets
EMP_1057,Employee_1057,Finance,Accountant,2020-10-16,156767.0,Meets
EMP_1603,Employee_1603,Finance,Financial Analyst,12/26/2019,95293.0,Needs Improvement
EMP_1656,Employee_1656,Marketing,Growth Marketer,2022-02-03,157828.0,Needs Improvement
EMP_1786,Employee_1786,Human Resources,Recruiter,2020-08-21,158664.0,Meets
EMP_1801,Employee_1801,Marketing,SEO Specialist,03/17/2022,156619.0,Meets
EMP_1105,Employee_1105,Engineering,Software Engineer,2021-02-06,125120.0,Exceeds
EMP_1635,Employee_1635,Engineering,QA Engineer,2024-02-29,135255.0,Meets
EMP_1369,Employee_1369,Human Resources,Recruiter,08/10/2020,79959.0,Exceeds
EMP_1268,Employee_1268,Human Resources,Recruiter,2021-05-05,111263.0,Needs Improvement
EMP_1655,Employee_1655,Human Resources,HR Generalist,2020-07-04,46581.0,Meets
EMP_1046,Employee_1046,Engineering,QA Engineer,2022-08-17,149935.0,Exceeds
EMP_1349,Employee_1349,Finance,Financial Analyst,2025-07-17,47490.0,Meets
EMP_1195,Employee_1195,Engineering,Data Scientist,2019-08-09,149767.0,Meets
EMP_1102,Employee_1102,Finance,Accountant,07/11/2024,131356.0,Exceeds
EMP_1004,Employee_1004,Finance,Financial Analyst,2019-02-22,136924.0,Needs Improvement
EMP_1983,Employee_1983,Sales,Account Executive,2020-01-05,64249.0,Exceeds
EMP_1858,Employee_1858,Engineering,QA Engineer,08/03/2022,68969.0,Exceeds
EMP_1916,Employee_1916,Finance,Accountant,2020-12-05,148534.0,Meets
EMP_1263,Employee_1263,Finance,Financial Analyst,2019-01-16,113347.0,Meets
EMP_1932,Employee_1932,Engineering,Software Engineer,2023-08-10,118149.0,Exceeds
EMP_1443,Employee_1443,Sales,Sales Manager,2022-11-16,107888.0,Meets
EMP_1841,Employee_1841,Human Resources,HR Generalist,2020-04-17,78126.0,Needs Improvement
EMP_1922,Employee_1922,Engineering,Data Scientist,2022-07-20,103414.0,Meets
EMP_1944,Employee_1944,Finance,Financial Analyst,Active Employee,72532.0,Meets
EMP_1304,Employee_1304,Finance,Financial Analyst,2021-12-28,159101.0,Meets
EMP_1341,Employee_1341,Finance,Financial Analyst,2020-08-23,156564.0,Exceeds
EMP_1895,Employee_1895,Marketing,SEO Specialist,2024-12-07,63111.0,Needs Improvement
EMP_1313,Employee_1313,Marketing,Growth Marketer,2022-06-26,111497.0,Exceeds
EMP_1149,Employee_1149,Marketing,SEO Specialist,2023-04-18,123139.0,Meets
EMP_1124,Employee_1124,Engineering,QA Engineer,2022-08-30,132670.0,Needs Improvement
EMP_1972,Employee_1972,Marketing,Growth Marketer,2018-07-16,113337.0,Meets
EMP_2014,Employee_2014,Human Resources,Recruiter,2019-09-24,52531.0,Meets
EMP_1697,Employee_1697,Marketing,SEO Specialist,2025-01-28,115244.0,Meets
EMP_1664,Employee_1664,Marketing,SEO Specialist,2026-02-30,52589.0,Meets
EMP_1050,Employee_1050,Engineering,Data Scientist,2020-05-14,154579.0,Exceeds
EMP_1353,Employee_1353,Engineering,Software Engineer,2020-10-28,123215.0,Exceeds
EMP_1142,Employee_1142,Engineering,QA Engineer,2020-12-07,58833.0,Needs Improvement
EMP_1470,Employee_1470,Marketing,Growth Marketer,2023-12-22,62507.0,Needs Improvement
EMP_1653,Employee_1653,Sales,Account Executive,2022-01-14,,Exceeds
EMP_1399,Employee_1399,Sales,Sales Manager,2019-07-17,114924.0,Exceeds
EMP_1781,Employee_1781,Engineering,Data Scientist,2021-02-06,80203.0,Meets
EMP_1320,Employee_1320,Engineering,Software Engineer,2018-06-30,102377.0,Needs Improvement
EMP_1019,Employee_1019,Finance,Accountant,2024-01-18,130909.0,Needs Improvement
EMP_1684,Employee_1684,Sales,Account Executive,2024-09-28,45835.0,Needs Improvement
EMP_1999,Employee_1999,Engineering,QA Engineer,2019-09-21,159919.0,Needs Improvement
EMP_1976,Employee_1976,Human Resources,Recruiter,2019-08-28,45864.0,Meets
EMP_1998,Employee_1998,Human Resources,HR Generalist,2023-07-30,107539.0,Meets
EMP_1407,Employee_1407,Human Resources,HR Generalist,2022-08-13,124516.0,Meets
EMP_1537,Employee_1537,Finance,Financial Analyst,2020-07-04,50577.0,Meets
EMP_1990,Employee_1990,Human Resources,HR Generalist,2026-02-30,94572.0,Needs Improvement
EMP_1038,Employee_1038,Engineering,QA Engineer,2026-03-12,122110.0,Meets
EMP_1175,Employee_1175,Human Resources,HR Generalist,2018-09-21,75595.0,Meets
EMP_1245,Employee_1245,Engineering,Software Engineer,2026-02-30,115457.0,Meets
EMP_2022,Employee_2022,Marketing,SEO Specialist,2023-11-23,124477.0,Meets
EMP_1833,Employee_1833,Human Resources,Recruiter,2021-07-26,135017.0,Meets
EMP_1935,Employee_1935,Human Resources,HR Generalist,2026-02-30,45773.0,Exceeds
EMP_1489,Employee_1489,Finance,Accountant,2023-11-09,77441.0,Needs Improvement
EMP_1154,Employee_1154,Marketing,SEO Specialist,2021-02-14,117544.0,Meets
EMP_1638,Employee_1638,Engineering,QA Engineer,2019-06-01,85043.0,Meets
EMP_1662,Employee_1662,Marketing,Growth Marketer,2022-12-15,55357.0,Meets
EMP_1287,Employee_1287,Marketing,SEO Specialist,2020-01-25,123148.0,Exceeds
EMP_1625,Employee_1625,Sales,Sales Manager,2020-12-10,63634.0,Meets
EMP_1685,Employee_1685,Engineering,Software Engineer,2020-05-10,90406.0,Exceeds
EMP_1756,Employee_1756,Engineering,QA Engineer,2025-06-13,83607.0,Needs Improvement
EMP_1569,Employee_1569,Marketing,SEO Specialist,2023-04-15,152019.0,Needs Improvement
EMP_1924,Employee_1924,Human Resources,HR Generalist,2022-02-07,78631.0,Meets
EMP_1734,Employee_1734,Sales,Account Executive,2021-07-13,148788.0,Needs Improvement
EMP_1017,Employee_1017,Marketing,Growth Marketer,Active Employee,152715.0,Exceeds
EMP_1127,Employee_1127,Sales,Sales Manager,05/23/2024,51590.0,Meets
EMP_1322,Employee_1322,Human Resources,Recruiter,08/21/2022,133984.0,Exceeds
EMP_1255,Employee_1255,Sales,Sales Manager,2024-10-10,148369.0,Exceeds
EMP_1876,Employee_1876,Human Resources,Recruiter,02/05/2025,110191.0,Exceeds
EMP_1190,Employee_1190,Engineering,QA Engineer,2020-08-29,153124.0,Exceeds
EMP_1115,Employee_1115,Human Resources,HR Generalist,2023-03-24,75735.0,Meets
EMP_1772,Employee_1772,Marketing,Growth Marketer,2025-06-15,95868.0,Needs Improvement
EMP_1606,Employee_1606,Sales,Sales Manager,2021-05-16,126187.0,Exceeds
EMP_1180,Employee_1180,Human Resources,Recruiter,2020-10-26,115776.0,Needs Improvement
EMP_1301,Employee_1301,Engineering,QA Engineer,03/13/2026,87568.0,Meets
EMP_1941,Employee_1941,Finance,Accountant,2019-04-27,63884.0,Meets
EMP_1887,Employee_1887,Engineering,QA Engineer,2024-01-05,104905.0,Meets
EMP_1901,Employee_1901,Finance,Financial Analyst,2026-02-23,94921.0,Meets
EMP_1852,Employee_1852,Marketing,Growth Marketer,2021-04-23,83800.0,Meets
EMP_1964,Employee_1964,Sales,Sales Manager,2026-02-30,111900.0,Exceeds
EMP_1827,Employee_1827,Human Resources,Recruiter,2022-02-17,45611.0,Exceeds
EMP_1517,Employee_1517,Finance,Accountant,2023-02-13,64976.0,Meets
EMP_1372,Employee_1372,Marketing,SEO Specialist,12/29/2022,103447.0,Needs Improvement
EMP_1045,Employee_1045,Human Resources,Recruiter,2025-10-28,133259.0,Exceeds
EMP_1476,Employee_1476,Engineering,Data Scientist,2024-02-16,138967.0,Needs Improvement
EMP_1157,Employee_1157,Sales,Sales Manager,2025-02-02,142370.0,Meets
EMP_1925,Employee_1925,Engineering,Data Scientist,2022-03-24,112411.0,Needs Improvement
EMP_1171,Employee_1171,Sales,Account Executive,06/19/2023,131563.0,Exceeds
EMP_1016,Employee_1016,Sales,Sales Manager,2022-03-05,80382.0,Meets
EMP_1511,Employee_1511,Sales,Account Executive,2021-12-25,76369.0,Meets
EMP_1048,Employee_1048,Sales,Sales Manager,2024-05-16,81509.0,Needs Improvement
EMP_1191,Employee_1191,Finance,Accountant,2021-10-18,52104.0,Meets
EMP_1546,Employee_1546,Marketing,Growth Marketer,2019-04-27,80825.0,Needs Improvement
EMP_1515,Employee_1515,Sales,Sales Manager,2022-12-03,99254.0,Exceeds
EMP_1847,Employee_1847,Finance,Financial Analyst,2022-06-01,,Needs Improvement
EMP_1853,Employee_1853,Human Resources,HR Generalist,2025-04-24,151584.0,Meets
EMP_1480,Employee_1480,Engineering,QA Engineer,2023-07-30,152014.0,Exceeds
EMP_1283,Employee_1283,Marketing,SEO Specialist,05/12/2026,68777.0,Meets
EMP_1893,Employee_1893,Finance,Accountant,2020-10-11,95418.0,Needs Improvement
EMP_1846,Employee_1846,Human Resources,HR Generalist,2019-08-08,71181.0,Meets
EMP_1225,Employee_1225,Sales,Sales Manager,2021-01-04,58979.0,Meets
EMP_1026,Employee_1026,Engineering,Data Scientist,2026-02-30,143419.0,Meets
EMP_1968,Employee_1968,Human Resources,Recruiter,2025-12-23,73681.0,Needs Improvement
EMP_1437,Employee_1437,Finance,Accountant,Active Employee,137507.0,Meets
EMP_1364,Employee_1364,Engineering,QA Engineer,2022-12-14,112552.0,Needs Improvement
EMP_1229,Employee_1229,Marketing,Growth Marketer,2019-08-16,150110.0,Meets
EMP_1037,Employee_1037,Human Resources,Recruiter,2025-01-27,77493.0,Meets
EMP_1669,Employee_1669,Engineering,Software Engineer,2022-09-03,150789.0,Needs Improvement
EMP_1749,Employee_1749,Engineering,Software Engineer,2022-08-06,,Needs Improvement
EMP_1374,Employee_1374,Marketing,SEO Specialist,2023-05-09,128816.0,Exceeds
EMP_1469,Employee_1469,Finance,Accountant,2018-09-09,60389.0,Meets
EMP_1687,Employee_1687,Engineering,Software Engineer,2020-06-27,76217.0,Needs Improvement
EMP_1032,Employee_1032,Marketing,SEO Specialist,2023-09-30,52592.0,Meets
EMP_1874,Employee_1874,Human Resources,HR Generalist,2025-07-19,105174.0,Needs Improvement
EMP_1904,Employee_1904,Engineering,Data Scientist,2023-02-14,71738.0,Exceeds
EMP_1194,Employee_1194,Marketing,SEO Specialist,2018-08-07,108532.0,Exceeds
EMP_2040,Employee_2040,Marketing,SEO Specialist,2020-11-28,120303.0,Meets
EMP_2047,Employee_2047,Sales,Sales Manager,2023-10-09,80311.0,Needs Improvement
EMP_1503,Employee_1503,Human Resources,HR Generalist,2020-02-15,99090.0,Needs Improvement
EMP_1800,Employee_1800,Finance,Financial Analyst,2023-12-03,78081.0,Meets
EMP_1579,Employee_1579,Finance,Accountant,2022-09-17,149363.0,Needs Improvement
EMP_1160,Employee_1160,Sales,Sales Manager,2026-04-10,137801.0,Meets
EMP_1680,Employee_1680,Human Resources,HR Generalist,2021-03-19,158512.0,Meets
EMP_1162,Employee_1162,Sales,Sales Manager,Active Employee,159389.0,Exceeds
EMP_1821,Employee_1821,Sales,Account Executive,2022-08-03,98633.0,Needs Improvement
EMP_1705,Employee_1705,Sales,Account Executive,2026-04-19,53083.0,Meets
EMP_1872,Employee_1872,Engineering,QA Engineer,2022-11-01,76574.0,Meets
EMP_1152,Employee_1152,Human Resources,Recruiter,2021-05-28,148931.0,Exceeds
EMP_1848,Employee_1848,Marketing,Growth Marketer,2025-12-27,116845.0,Needs Improvement
EMP_1868,Employee_1868,Marketing,Growth Marketer,2021-07-30,131732.0,Meets
EMP_1937,Employee_1937,Marketing,Growth Marketer,2023-03-07,148139.0,Meets
EMP_1111,Employee_1111,Finance,Accountant,2021-06-20,125301.0,Needs Improvement
EMP_1226,Employee_1226,Human Resources,Recruiter,2019-12-26,83780.0,Meets
EMP_1855,Employee_1855,Human Resources,HR Generalist,2025-05-13,156574.0,Exceeds
EMP_1103,Employee_1103,Marketing,SEO Specialist,2025-05-20,152272.0,Meets
EMP_1421,Employee_1421,Finance,Accountant,2019-06-11,134181.0,Exceeds
EMP_1419,Employee_1419,Human Resources,HR Generalist,2020-01-14,118638.0,Meets
EMP_1931,Employee_1931,Human Resources,Recruiter,01/02/2026,56471.0,Exceeds
EMP_1586,Employee_1586,Human Resources,Recruiter,2022-11-08,53804.0,Meets
EMP_1965,Employee_1965,Human Resources,Recruiter,2020-10-19,46388.0,Meets
EMP_1672,Employee_1672,Human Resources,HR Generalist,04/22/2022,65618.0,Meets
EMP_1119,Employee_1119,Finance,Accountant,2021-10-07,53161.0,Meets
EMP_1053,Employee_1053,Human Resources,HR Generalist,2022-01-19,79760.0,Needs Improvement
EMP_1151,Employee_1151,Sales,Sales Manager,2020-12-13,117768.0,Meets
EMP_1403,Employee_1403,Sales,Sales Manager,2019-07-02,128753.0,Exceeds
EMP_1207,Employee_1207,Human Resources,HR Generalist,2020-11-16,49852.0,Meets
EMP_1658,Employee_1658,Engineering,Data Scientist,2025-09-03,46807.0,Meets
EMP_2033,Employee_2033,Engineering,Data Scientist,2026-02-30,107463.0,Meets
EMP_1945,Employee_1945,Sales,Sales Manager,2019-03-10,156602.0,Meets
EMP_1008,Employee_1008,Engineering,QA Engineer,2022-07-29,124131.0,Meets
EMP_1997,Employee_1997,Human Resources,Recruiter,2019-10-29,150463.0,Exceeds
EMP_1036,Employee_1036,Sales,Account Executive,2022-12-08,97296.0,Meets
EMP_1452,Employee_1452,Engineering,Data Scientist,2024-08-29,98334.0,Needs Improvement
EMP_1651,Employee_1651,Sales,Sales Manager,2019-03-15,56042.0,Meets
EMP_1253,Employee_1253,Engineering,QA Engineer,09/13/2023,61505.0,Meets
EMP_1303,Employee_1303,Human Resources,HR Generalist,2023-09-14,102104.0,Needs Improvement
EMP_1927,Employee_1927,Marketing,Growth Marketer,2025-05-09,66940.0,Exceeds
EMP_1571,Employee_1571,Finance,Financial Analyst,2021-04-03,137847.0,Meets
EMP_1623,Employee_1623,Sales,Sales Manager,2025-10-07,81349.0,Meets
EMP_1882,Employee_1882,Marketing,SEO Specialist,2025-02-24,,Meets
EMP_1894,Employee_1894,Finance,Financial Analyst,2023-05-13,97149.0,Meets
EMP_1262,Employee_1262,Finance,Financial Analyst,2021-05-12,111039.0,Meets
EMP_1610,Employee_1610,Finance,Financial Analyst,2023-12-16,83284.0,Exceeds
EMP_1297,Employee_1297,Finance,Financial Analyst,2020-10-26,118233.0,Meets
EMP_1414,Employee_1414,Human Resources,Recruiter,2020-11-07,48037.0,Exceeds
EMP_1150,Employee_1150,Finance,Financial Analyst,08/20/2020,70042.0,Exceeds
EMP_1974,Employee_1974,Marketing,Growth Marketer,08/20/2020,77975.0,Needs Improvement
EMP_1778,Employee_1778,Human Resources,Recruiter,2026-01-04,67570.0,Meets
EMP_1640,Employee_1640,Sales,Sales Manager,07/22/2025,62393.0,Meets
EMP_1550,Employee_1550,Engineering,Software Engineer,Active Employee,65214.0,Needs Improvement
EMP_1977,Employee_1977,Human Resources,HR Generalist,2023-11-07,55104.0,Meets
EMP_1488,Employee_1488,Engineering,QA Engineer,2021-03-28,133276.0,Needs Improvement
EMP_1819,Employee_1819,Human Resources,HR Generalist,2020-10-26,60704.0,Needs Improvement
EMP_1710,Employee_1710,Finance,Accountant,2022-01-01,110028.0,Exceeds
EMP_2013,Employee_2013,Engineering,Data Scientist,2026-01-03,139960.0,Needs Improvement
EMP_1147,Employee_1147,Human Resources,Recruiter,2022-08-29,48761.0,Needs Improvement
EMP_1146,Employee_1146,Sales,Account Executive,2023-04-21,104087.0,Meets
EMP_1896,Employee_1896,Finance,Accountant,2018-07-25,116802.0,Meets
EMP_1345,Employee_1345,Human Resources,Recruiter,2026-02-30,95615.0,Exceeds
EMP_1919,Employee_1919,Finance,Accountant,2026-02-30,90796.0,Meets
EMP_1659,Employee_1659,Sales,Account Executive,2025-10-02,148453.0,Needs Improvement
EMP_1770,Employee_1770,Sales,Account Executive,2025-12-14,100492.0,Exceeds
EMP_1348,Employee_1348,Human Resources,HR Generalist,2018-07-09,106487.0,Needs Improvement
EMP_1463,Employee_1463,Human Resources,Recruiter,2025-06-16,97538.0,Exceeds
EMP_1325,Employee_1325,Marketing,Growth Marketer,2019-11-24,131980.0,Meets
EMP_1186,Employee_1186,Engineering,QA Engineer,2026-02-30,98523.0,Meets
EMP_1123,Employee_1123,Human Resources,HR Generalist,2026-02-30,102125.0,Needs Improvement
EMP_2039,Employee_2039,Finance,Financial Analyst,2020-05-11,50539.0,Needs Improvement
EMP_1608,Employee_1608,Human Resources,Recruiter,2021-11-04,134744.0,Needs Improvement
EMP_1143,Employee_1143,Marketing,SEO Specialist,2018-07-01,65052.0,Needs Improvement
EMP_1751,Employee_1751,Finance,Accountant,2018-07-13,49062.0,Needs Improvement
EMP_1197,Employee_1197,Engineering,Software Engineer,2025-02-27,105482.0,Exceeds
EMP_1609,Employee_1609,Human Resources,Recruiter,2020-12-13,66922.0,Exceeds
EMP_1883,Employee_1883,Engineering,QA Engineer,2022-06-13,153774.0,Meets
EMP_1836,Employee_1836,Sales,Account Executive,Active Employee,122292.0,Meets
EMP_1279,Employee_1279,Human Resources,HR Generalist,2025-03-20,90890.0,Meets
EMP_1293,Employee_1293,Engineering,Software Engineer,2026-02-30,123554.0,Exceeds
EMP_2026,Employee_2026,Finance,Accountant,2018-08-24,103034.0,Needs Improvement
EMP_1400,Employee_1400,Finance,Financial Analyst,2019-10-17,121106.0,Meets
EMP_1122,Employee_1122,Marketing,SEO Specialist,2021-09-24,115545.0,Meets
EMP_1183,Employee_1183,Finance,Financial Analyst,2018-11-22,152665.0,Meets
EMP_1202,Employee_1202,Engineering,QA Engineer,2023-01-31,154769.0,Needs Improvement
EMP_1438,Employee_1438,Finance,Financial Analyst,2020-02-21,87604.0,Needs Improvement
EMP_1835,Employee_1835,Sales,Sales Manager,03/20/2026,74939.0,Meets
EMP_1246,Employee_1246,Human Resources,Recruiter,2022-04-09,132881.0,Needs Improvement
EMP_1415,Employee_1415,Human Resources,Recruiter,Active Employee,73199.0,Meets
EMP_1961,Employee_1961,Finance,Accountant,2019-10-25,72886.0,Exceeds
EMP_1948,Employee_1948,Finance,Accountant,2019-03-15,117045.0,Exceeds
EMP_1987,Employee_1987,Human Resources,HR Generalist,2026-02-30,153837.0,Needs Improvement
EMP_1052,Employee_1052,Human Resources,HR Generalist,2021-12-07,52685.0,Meets
EMP_1129,Employee_1129,Marketing,SEO Specialist,2023-04-24,143567.0,Needs Improvement
EMP_1637,Employee_1637,Marketing,Growth Marketer,2022-04-05,132098.0,Meets
EMP_1402,Employee_1402,Engineering,Software Engineer,2019-03-28,146059.0,Meets
EMP_1970,Employee_1970,Engineering,Data Scientist,2024-02-11,112880.0,Meets
EMP_1735,Employee_1735,Marketing,Growth Marketer,2018-07-02,118659.0,Meets
EMP_1854,Employee_1854,Engineering,QA Engineer,2022-05-23,150066.0,Meets
EMP_1219,Employee_1219,Sales,Account Executive,07/18/2025,124887.0,Needs Improvement
EMP_1641,Employee_1641,Finance,Accountant,2026-02-30,46056.0,Meets
EMP_1001,Employee_1001,Sales,Account Executive,2018-11-04,142080.0,Exceeds
EMP_1933,Employee_1933,Finance,Financial Analyst,2023-07-13,98429.0,Needs Improvement
EMP_1080,Employee_1080,Engineering,QA Engineer,2020-02-25,159650.0,Needs Improvement
EMP_1624,Employee_1624,Sales,Account Executive,2024-10-15,138243.0,Meets
EMP_2029,Employee_2029,Human Resources,HR Generalist,2023-07-16,53854.0,Needs Improvement
EMP_1943,Employee_1943,Engineering,Software Engineer,2026-05-17,120067.0,Needs Improvement
EMP_1386,Employee_1386,Human Resources,HR Generalist,2026-02-30,155824.0,Meets
EMP_1806,Employee_1806,Marketing,SEO Specialist,2023-04-29,79229.0,Meets
EMP_1509,Employee_1509,Human Resources,HR Generalist,2022-09-12,84739.0,Exceeds
EMP_1267,Employee_1267,Engineering,Software Engineer,2023-05-07,126830.0,Meets
EMP_2010,Employee_2010,Finance,Financial Analyst,2024-08-17,96000.0,Exceeds
EMP_1441,Employee_1441,Finance,Accountant,2024-04-10,77311.0,Meets
EMP_1496,Employee_1496,Finance,Accountant,2019-12-15,123370.0,Meets
EMP_1829,Employee_1829,Finance,Financial Analyst,2026-03-25,133702.0,Exceeds
EMP_1112,Employee_1112,Finance,Accountant,2024-08-24,142472.0,Needs Improvement
EMP_1691,Employee_1691,Finance,Financial Analyst,2019-04-14,152474.0,Needs Improvement
EMP_1232,Employee_1232,Human Resources,HR Generalist,2019-12-07,92823.0,Meets
EMP_1471,Employee_1471,Sales,Sales Manager,2019-08-21,93971.0,Needs Improvement
EMP_1607,Employee_1607,Marketing,Growth Marketer,2020-12-30,62895.0,Meets
EMP_1671,Employee_1671,Human Resources,Recruiter,2020-09-13,92202.0,Exceeds
EMP_1373,Employee_1373,Sales,Sales Manager,Active Employee,103606.0,Exceeds
EMP_1826,Employee_1826,Sales,Sales Manager,2019-04-30,,Needs Improvement
EMP_1663,Employee_1663,Sales,Sales Manager,2022-01-18,121865.0,Exceeds
EMP_2032,Employee_2032,Sales,Sales Manager,2025-05-22,97288.0,Meets
EMP_1233,Employee_1233,Engineering,QA Engineer,2022-10-07,142973.0,Needs Improvement
EMP_1818,Employee_1818,Human Resources,HR Generalist,2019-04-26,121490.0,Exceeds
EMP_1971,Employee_1971,Human Resources,Recruiter,2021-05-01,51086.0,Exceeds
EMP_1676,Employee_1676,Sales,Account Executive,2026-01-13,117465.0,Needs Improvement
EMP_1317,Employee_1317,Human Resources,HR Generalist,2022-10-29,124299.0,Needs Improvement
EMP_1648,Employee_1648,Human Resources,Recruiter,12/30/2023,56362.0,Exceeds
EMP_1410,Employee_1410,Engineering,QA Engineer,2021-05-22,77495.0,Meets
EMP_1709,Employee_1709,Engineering,Software Engineer,04/05/2021,51637.0,Meets
EMP_1358,Employee_1358,Engineering,Data Scientist,2022-02-03,93929.0,Meets
EMP_1258,Employee_1258,Sales,Account Executive,2022-05-31,148544.0,Meets
EMP_1744,Employee_1744,Engineering,Software Engineer,2022-02-07,102438.0,Needs Improvement
EMP_1627,Employee_1627,Human Resources,Recruiter,2018-08-22,159991.0,Meets
EMP_1632,Employee_1632,Marketing,Growth Marketer,2020-01-31,156728.0,Needs Improvement
EMP_1979,Employee_1979,Finance,Financial Analyst,2019-01-07,75191.0,Needs Improvement
EMP_1282,Employee_1282,Engineering,Software Engineer,2023-05-14,137104.0,Meets
EMP_1376,Employee_1376,Finance,Financial Analyst,2026-01-30,63714.0,Needs Improvement
EMP_1384,Employee_1384,Finance,Accountant,2018-08-25,109382.0,Meets
EMP_1224,Employee_1224,Human Resources,Recruiter,04/22/2021,155795.0,Meets
EMP_2004,Employee_2004,Marketing,SEO Specialist,2020-02-06,92925.0,Meets
EMP_1472,Employee_1472,Finance,Accountant,2020-05-27,150119.0,Meets
EMP_1347,Employee_1347,Marketing,Growth Marketer,2024-11-20,50020.0,Meets
EMP_1505,Employee_1505,Sales,Sales Manager,2019-03-07,55363.0,Needs Improvement
EMP_1639,Employee_1639,Human Resources,HR Generalist,2018-07-16,57475.0,Exceeds
EMP_1797,Employee_1797,Finance,Financial Analyst,2023-12-13,129853.0,Meets
EMP_1339,Employee_1339,Sales,Account Executive,2019-08-26,63140.0,Meets
EMP_1555,Employee_1555,Engineering,Software Engineer,2025-06-04,91388.0,Exceeds
EMP_1619,Employee_1619,Sales,Account Executive,2024-02-11,151630.0,Meets
EMP_1027,Employee_1027,Marketing,Growth Marketer,2023-02-20,101985.0,Meets
EMP_1992,Employee_1992,Sales,Account Executive,2024-06-10,107373.0,Exceeds
EMP_1645,Employee_1645,Human Resources,HR Generalist,2019-03-28,133753.0,Meets
EMP_1952,Employee_1952,Sales,Sales Manager,2020-12-24,104067.0,Meets
EMP_1573,Employee_1573,Human Resources,HR Generalist,2019-04-30,84692.0,Meets
EMP_1556,Employee_1556,Finance,Accountant,2022-02-10,46617.0,Meets
EMP_1681,Employee_1681,Marketing,SEO Specialist,2025-06-18,117494.0,Needs Improvement
EMP_1577,Employee_1577,Finance,Financial Analyst,03/16/2025,145788.0,Meets
EMP_1795,Employee_1795,Marketing,Growth Marketer,2023-07-13,143167.0,Exceeds
EMP_1085,Employee_1085,Human Resources,Recruiter,2023-01-03,152549.0,Meets
EMP_1242,Employee_1242,Finance,Accountant,2019-08-04,74015.0,Exceeds
EMP_1698,Employee_1698,Sales,Sales Manager,2022-12-22,105731.0,Meets
EMP_1838,Employee_1838,Human Resources,Recruiter,2020-06-07,126675.0,Exceeds
EMP_1159,Employee_1159,Engineering,Software Engineer,2023-02-09,74816.0,Meets
EMP_1524,Employee_1524,Engineering,Data Scientist,2024-09-26,46198.0,Meets
EMP_1035,Employee_1035,Finance,Financial Analyst,2023-06-17,114163.0,Needs Improvement
EMP_1540,Employee_1540,Engineering,Software Engineer,11/06/2019,63899.0,Needs Improvement
EMP_1170,Employee_1170,Finance,Financial Analyst,2019-08-05,142004.0,Exceeds
EMP_1654,Employee_1654,Sales,Sales Manager,2022-02-07,59777.0,Meets
EMP_1748,Employee_1748,Engineering,QA Engineer,03/16/2026,86774.0,Meets
EMP_2043,Employee_2043,Human Resources,HR Generalist,2020-10-17,90519.0,Needs Improvement
EMP_2035,Employee_2035,Sales,Sales Manager,03/11/2024,75783.0,Meets
EMP_1484,Employee_1484,Human Resources,Recruiter,2022-02-21,103790.0,Needs Improvement
EMP_1733,Employee_1733,Human Resources,HR Generalist,2022-08-28,84552.0,Meets
EMP_1899,Employee_1899,Engineering,QA Engineer,2020-02-15,107963.0,Needs Improvement
EMP_1095,Employee_1095,Finance,Accountant,2018-12-28,156151.0,Exceeds
EMP_1563,Employee_1563,Finance,Financial Analyst,2021-04-18,59021.0,Meets
EMP_1240,Employee_1240,Marketing,SEO Specialist,2019-11-16,94941.0,Meets
EMP_1742,Employee_1742,Marketing,SEO Specialist,2026-04-21,79761.0,Meets
EMP_1863,Employee_1863,Finance,Accountant,2024-05-25,125127.0,Needs Improvement
EMP_1574,Employee_1574,Marketing,Growth Marketer,2021-09-07,148425.0,Needs Improvement
EMP_1690,Employee_1690,Marketing,SEO Specialist,2025-06-24,121122.0,Exceeds
EMP_1460,Employee_1460,Marketing,Growth Marketer,2021-04-14,129972.0,Meets
EMP_1891,Employee_1891,Finance,Accountant,2019-11-14,108298.0,Meets
EMP_1553,Employee_1553,Marketing,Growth Marketer,2024-12-11,56442.0,Meets
EMP_1857,Employee_1857,Marketing,SEO Specialist,2021-07-10,126501.0,Meets
EMP_1206,Employee_1206,Engineering,QA Engineer,2021-02-15,137435.0,Needs Improvement
EMP_1392,Employee_1392,Marketing,SEO Specialist,2021-01-23,113903.0,Needs Improvement
EMP_1794,Employee_1794,Sales,Sales Manager,11/07/2019,117264.0,Meets
EMP_1870,Employee_1870,Sales,Account Executive,2026-04-20,129331.0,Meets
EMP_1397,Employee_1397,Sales,Sales Manager,11/26/2023,90353.0,Meets
EMP_1766,Employee_1766,Finance,Accountant,2020-06-04,135055.0,Needs Improvement
EMP_2036,Employee_2036,Marketing,Growth Marketer,2023-11-11,71577.0,Meets
EMP_1642,Employee_1642,Engineering,QA Engineer,2018-08-25,62324.0,Needs Improvement
EMP_1612,Employee_1612,Human Resources,Recruiter,2020-04-07,111952.0,Exceeds
EMP_1960,Employee_1960,Engineering,Data Scientist,2025-08-02,47441.0,Exceeds
EMP_1725,Employee_1725,Marketing,Growth Marketer,2018-07-17,136823.0,Meets
EMP_1683,Employee_1683,Finance,Financial Analyst,2026-02-30,93270.0,Needs Improvement
EMP_1098,Employee_1098,Human Resources,Recruiter,2018-11-01,143059.0,Meets
EMP_1804,Employee_1804,Finance,Accountant,2020-02-19,129848.0,Meets
EMP_1406,Employee_1406,Engineering,Software Engineer,07/02/2021,99476.0,Needs Improvement
EMP_1502,Employee_1502,Sales,Account Executive,01/22/2023,157399.0,Meets
EMP_1929,Employee_1929,Human Resources,HR Generalist,2024-02-15,115484.0,Needs Improvement
EMP_1779,Employee_1779,Human Resources,HR Generalist,2019-07-01,124777.0,Needs Improvement
EMP_1200,Employee_1200,Finance,Financial Analyst,2022-02-16,69983.0,Meets
EMP_1134,Employee_1134,Engineering,Data Scientist,2023-12-27,105952.0,Meets
EMP_1040,Employee_1040,Sales,Account Executive,2026-01-29,157674.0,Meets
EMP_2017,Employee_2017,Finance,Financial Analyst,2018-11-15,49726.0,Meets
EMP_1230,Employee_1230,Sales,Account Executive,2019-06-20,77850.0,Meets
EMP_1378,Employee_1378,Marketing,SEO Specialist,2020-01-26,49244.0,Meets
EMP_1288,Employee_1288,Engineering,Software Engineer,2024-08-31,143885.0,Exceeds
EMP_1418,Employee_1418,Marketing,SEO Specialist,2021-11-28,92964.0,Exceeds
EMP_1391,Employee_1391,Human Resources,HR Generalist,2019-07-27,56300.0,Exceeds
EMP_1592,Employee_1592,Human Resources,HR Generalist,2019-07-18,70863.0,Needs Improvement
EMP_1647,Employee_1647,Human Resources,Recruiter,2024-01-16,127323.0,Meets
EMP_1520,Employee_1520,Human Resources,Recruiter,2024-07-17,141045.0,Meets
EMP_1064,Employee_1064,Human Resources,Recruiter,2025-08-13,46220.0,Needs Improvement
EMP_1014,Employee_1014,Sales,Sales Manager,2022-06-12,72460.0,Meets
EMP_1492,Employee_1492,Sales,Account Executive,2025-09-04,58224.0,Exceeds
EMP_1379,Employee_1379,Human Resources,Recruiter,2022-04-05,103188.0,Exceeds
EMP_1187,Employee_1187,Marketing,Growth Marketer,2024-08-17,88228.0,Needs Improvement
EMP_1763,Employee_1763,Sales,Sales Manager,02/07/2020,53079.0,Meets
EMP_1216,Employee_1216,Engineering,Software Engineer,2022-10-17,149352.0,Exceeds
EMP_1791,Employee_1791,Sales,Sales Manager,2022-04-20,152938.0,Needs Improvement
EMP_1878,Employee_1878,Engineering,Data Scientist,2019-06-28,128563.0,Meets
EMP_1337,Employee_1337,Marketing,SEO Specialist,2024-04-03,93213.0,Needs Improvement
EMP_1719,Employee_1719,Human Resources,Recruiter,2024-05-31,48416.0,Meets
EMP_1295,Employee_1295,Marketing,SEO Specialist,10/02/2022,60726.0,Exceeds
EMP_2016,Employee_2016,Sales,Account Executive,2019-09-16,111918.0,Meets
EMP_1455,Employee_1455,Finance,Financial Analyst,2024-06-19,99773.0,Meets
EMP_1815,Employee_1815,Marketing,Growth Marketer,2023-12-09,91567.0,Meets
EMP_1269,Employee_1269,Engineering,Data Scientist,2025-02-23,156777.0,Meets
EMP_1995,Employee_1995,Finance,Accountant,2022-04-11,159664.0,Exceeds
EMP_1201,Employee_1201,Engineering,QA Engineer,2021-10-11,89548.0,Meets
EMP_1161,Employee_1161,Marketing,Growth Marketer,10/26/2025,117529.0,Meets
EMP_1729,Employee_1729,Engineering,Data Scientist,01/26/2021,45089.0,Meets
EMP_1401,Employee_1401,Sales,Sales Manager,2020-02-10,50399.0,Exceeds
EMP_1702,Employee_1702,Finance,Financial Analyst,2018-11-02,84169.0,Meets
EMP_1565,Employee_1565,Marketing,SEO Specialist,2022-09-04,101441.0,Meets
EMP_2021,Employee_2021,Engineering,Data Scientist,2023-03-29,140176.0,Meets
EMP_2025,Employee_2025,Finance,Accountant,2022-08-14,60336.0,Meets
EMP_1205,Employee_1205,Sales,Sales Manager,2026-02-30,157199.0,Needs Improvement
EMP_1034,Employee_1034,Engineering,Data Scientist,2025-01-07,61828.0,Needs Improvement
EMP_1775,Employee_1775,Engineering,QA Engineer,2024-10-02,64424.0,Exceeds
EMP_1508,Employee_1508,Engineering,Software Engineer,11/04/2019,139936.0,Meets
EMP_1091,Employee_1091,Marketing,SEO Specialist,2026-02-30,112033.0,Exceeds
EMP_1897,Employee_1897,Finance,Financial Analyst,2024-03-06,72487.0,Meets
EMP_1564,Employee_1564,Marketing,Growth Marketer,2021-12-29,88544.0,Needs Improvement
EMP_1776,Employee_1776,Engineering,Data Scientist,2025-04-19,147989.0,Meets
EMP_1241,Employee_1241,Engineering,Data Scientist,10/23/2023,106797.0,Exceeds
EMP_1013,Employee_1013,Engineering,QA Engineer,2023-04-25,104429.0,Meets
EMP_1315,Employee_1315,Marketing,SEO Specialist,2025-07-27,129497.0,Exceeds
EMP_1600,Employee_1600,Finance,Financial Analyst,2018-11-23,62556.0,Meets
EMP_1387,Employee_1387,Marketing,Growth Marketer,2020-04-06,116063.0,Meets
EMP_1166,Employee_1166,Finance,Financial Analyst,2024-09-23,64555.0,Meets
EMP_1840,Employee_1840,Engineering,Data Scientist,2025-02-17,99627.0,Needs Improvement
EMP_1020,Employee_1020,Human Resources,Recruiter,2024-10-29,79718.0,Meets
EMP_1646,Employee_1646,Engineering,Data Scientist,2020-02-11,46110.0,Meets
EMP_1831,Employee_1831,Marketing,Growth Marketer,2025-04-12,95272.0,Meets
EMP_1562,Employee_1562,Marketing,SEO Specialist,Active Employee,139489.0,Needs Improvement
EMP_1686,Employee_1686,Marketing,Growth Marketer,2026-02-30,94319.0,Meets
EMP_1957,Employee_1957,Human Resources,Recruiter,2021-06-08,92020.0,Meets
EMP_1189,Employee_1189,Human Resources,HR Generalist,2022-11-26,78082.0,Meets
EMP_1975,Employee_1975,Sales,Sales Manager,2022-06-22,152116.0,Meets
EMP_1699,Employee_1699,Engineering,Software Engineer,Active Employee,150853.0,Meets
EMP_1510,Employee_1510,Sales,Account Executive,2025-02-11,142894.0,Needs Improvement
EMP_1474,Employee_1474,Engineering,Data Scientist,2025-03-04,53094.0,Meets
EMP_1856,Employee_1856,Engineering,Software Engineer,2018-12-28,129829.0,Meets
EMP_1747,Employee_1747,Finance,Financial Analyst,2024-08-09,104151.0,Exceeds
EMP_1252,Employee_1252,Human Resources,HR Generalist,2018-12-31,72801.0,Exceeds
EMP_1021,Employee_1021,Sales,Sales Manager,2019-11-16,101155.0,Needs Improvement
EMP_1459,Employee_1459,Sales,Sales Manager,2026-02-30,70272.0,Exceeds
EMP_1276,Employee_1276,Engineering,QA Engineer,2022-06-19,159505.0,Needs Improvement
EMP_1955,Employee_1955,Engineering,QA Engineer,2026-02-30,147978.0,Meets
EMP_1385,Employee_1385,Engineering,Software Engineer,2025-08-07,104250.0,Meets
EMP_1805,Employee_1805,Marketing,Growth Marketer,2026-02-30,53367.0,Meets
EMP_1343,Employee_1343,Finance,Financial Analyst,2021-07-11,57021.0,Meets
EMP_1769,Employee_1769,Engineering,QA Engineer,2024-06-28,66910.0,Meets
EMP_1130,Employee_1130,Marketing,Growth Marketer,Active Employee,47540.0,Exceeds
EMP_1871,Employee_1871,Finance,Accountant,2026-02-30,158956.0,Meets
EMP_1087,Employee_1087,Marketing,SEO Specialist,08/26/2025,146361.0,Meets
EMP_1330,Employee_1330,Sales,Account Executive,2026-02-30,145421.0,Needs Improvement
EMP_1466,Employee_1466,Marketing,SEO Specialist,2023-01-17,121344.0,Exceeds
EMP_1121,Employee_1121,Finance,Accountant,2021-01-30,45772.0,Meets
EMP_2044,Employee_2044,Sales,Sales Manager,Active Employee,136520.0,Needs Improvement
EMP_1860,Employee_1860,Human Resources,Recruiter,2026-02-30,149452.0,Meets
